,Employee_ID,Age,Gender,Education_Level,Industry,Job_Role,Years_Experience,AI_Adoption_Level,Automation_Risk,Upskilling_Required,Salary_Before_AI,Salary_After_AI,Job_Status,Work_Hours_Per_Week,Remote_Work,Job_Satisfaction,Productivity_Change_%,Salary_Change,Salary_Change_%,Experience_Level,Impact_Level,Is_Replaced
0,E0001,50,Female,Bachelor,Marketing,Content creator,26,High,High,True,106820,95455,Replaced,45,False,5,-10.64,-11365,-10.63939337202771,Senior,High,True
1,E0002,45,Male,High school,Manufacturing,Quality inspector,19,Low,Low,True,74131,72013,Unchanged,36,True,6,19.05,-2118,-2.857104315333666,Senior,Low,False
2,E0003,51,Female,Master,It,Devops engineer,28,Medium,Medium,True,35311,42290,Modified,46,True,3,17.05,6979,19.764379371867125,Senior,Medium,False
3,E0004,48,Male,Phd,Education,Teacher,24,Medium,Medium,True,114478,107820,Modified,50,False,9,-2.47,-6658,-5.815964639494052,Senior,Medium,False
4,E0005,24,Male,Bachelor,Healthcare,Doctor,0,High,Medium,False,33890,40945,Modified,52,True,6,7.03,7055,20.817350250811447,Junior,Medium,False
5,E0006,46,Male,High school,Healthcare,Technician,21,Low,Medium,False,103969,104781,Modified,36,False,6,-19.04,812,0.7810020294510863,Senior,Medium,False
6,E0007,49,Male,Phd,Education,Administrator,24,High,Medium,False,78555,86183,Modified,48,True,3,-17.94,7628,9.710393991470943,Senior,Medium,False
7,E0008,57,Male,Bachelor,Finance,Auditor,34,Low,High,False,99479,105776,Unchanged,44,True,6,5.51,6297,6.329979191588174,Senior,High,False
8,E0009,50,Other,Bachelor,Education,Professor,27,Low,High,True,102409,104197,Unchanged,38,False,8,3.71,1788,1.7459402982159773,Senior,High,False
9,E0010,52,Male,High school,Healthcare,Nurse,27,High,Low,True,31016,42699,Unchanged,47,True,4,30.67,11683,37.66765540366263,Senior,Low,False
10,E0011,45,Female,High school,Retail,Store manager,22,Medium,High,False,93704,92231,Unchanged,43,False,7,12.56,-1473,-1.5719713139246991,Senior,High,False
11,E0012,36,Other,Master,Healthcare,Nurse,10,High,Low,True,78984,109956,Unchanged,46,False,9,26.33,30972,39.21300516560316,Senior,Low,False
12,E0013,32,Other,Bachelor,Healthcare,Nurse,8,High,High,False,69504,85267,Modified,39,False,4,27.41,15763,22.67927025782689,Senior,High,False
13,E0014,49,Female,High school,Marketing,Content creator,27,High,Low,True,60535,64752,Unchanged,39,True,5,-14.28,4217,6.9662178904765835,Senior,Low,False
14,E0015,43,Other,Master,Education,Professor,19,Medium,High,True,100592,102088,Unchanged,37,False,3,38.3,1496,1.4871958008589152,Senior,High,False
15,E0016,26,Other,Bachelor,Education,Administrator,3,Low,Medium,True,36910,36482,Modified,49,True,9,-17.57,-428,-1.1595773503115687,Mid,Medium,False
16,E0017,47,Other,Phd,Education,Teacher,24,High,Medium,True,53419,46193,Modified,41,True,3,-18.11,-7226,-13.52702222055823,Senior,Medium,False
17,E0018,53,Other,Bachelor,Education,Teacher,28,High,High,True,48141,42537,Replaced,49,False,5,16.27,-5604,-11.640805134916183,Senior,High,True
18,E0019,50,Male,Bachelor,Education,Administrator,25,Medium,High,False,85820,79219,Unchanged,36,True,4,-2.61,-6601,-7.6916802610114186,Senior,High,False
19,E0020,27,Female,Phd,Healthcare,Nurse,2,Medium,Low,False,99163,101637,Unchanged,41,False,8,33.0,2474,2.4948821637102547,Junior,Low,False
20,E0021,54,Other,High school,Manufacturing,Quality inspector,32,Low,Medium,True,96842,98204,Modified,43,False,5,29.08,1362,1.4064145721897525,Senior,Medium,False
21,E0022,27,Male,Phd,Healthcare,Technician,3,Low,Medium,False,33748,35565,Modified,49,False,5,-3.84,1817,5.3840227569041135,Mid,Medium,False
22,E0023,53,Other,Master,Education,Teacher,31,Low,High,False,84384,80986,Unchanged,46,True,8,-4.77,-3398,-4.0268297307546455,Senior,High,False
23,E0024,23,Female,Phd,Retail,Store manager,0,High,High,False,53664,47699,Modified,51,True,4,39.86,-5965,-11.115459153249851,Junior,High,False
24,E0025,23,Female,High school,Finance,Accountant,0,Medium,High,False,30854,30347,Unchanged,53,True,8,34.5,-507,-1.6432229208530498,Junior,High,False
25,E0026,23,Female,Master,Retail,Sales associate,0,Low,High,False,80859,82247,Unchanged,38,True,9,13.17,1388,1.7165683473701134,Junior,High,False
26,E0027,32,Male,Master,Education,Administrator,8,Low,High,True,42688,45216,Unchanged,54,True,4,2.07,2528,5.922038980509745,Senior,High,False
27,E0028,27,Male,High school,Education,Professor,3,High,Medium,True,110623,141487,Modified,40,True,7,-10.96,30864,27.90016542671958,Mid,Medium,False
28,E0029,24,Other,Phd,It,Devops engineer,0,High,Medium,False,32811,39587,Modified,37,False,9,-19.0,6776,20.65161074030051,Junior,Medium,False
29,E0030,40,Other,Phd,Education,Teacher,15,Medium,High,False,32911,30569,Unchanged,42,True,9,36.43,-2342,-7.116161769621099,Senior,High,False
30,E0031,39,Female,High school,Marketing,Content creator,17,Medium,Low,True,31802,31875,Unchanged,44,True,5,-13.19,73,0.22954531161562164,Senior,Low,False
31,E0032,28,Other,Bachelor,Manufacturing,Quality inspector,3,Low,High,True,46371,47736,Unchanged,50,False,8,-5.49,1365,2.943650126156434,Mid,High,False
32,E0033,33,Female,Phd,Manufacturing,Quality inspector,7,Medium,High,True,59855,65237,Unchanged,37,True,5,0.34,5382,8.991730014200986,Senior,High,False
33,E0034,37,Female,Phd,Healthcare,Nurse,13,Medium,Low,False,34499,40230,Unchanged,54,False,5,26.79,5731,16.61207571233949,Senior,Low,False
34,E0035,29,Female,High school,It,Devops engineer,4,Low,High,False,83351,86765,Unchanged,37,False,3,-19.45,3414,4.095931662487553,Mid,High,False
35,E0036,50,Female,High school,Marketing,Digital marketer,27,Low,Medium,True,76975,76652,Modified,37,False,7,9.14,-323,-0.41961675868788567,Senior,Medium,False
36,E0037,57,Other,Phd,Finance,Auditor,35,Low,Low,True,68467,67480,Unchanged,54,False,9,-0.48,-987,-1.4415703915755034,Senior,Low,False
37,E0038,24,Male,Bachelor,Finance,Accountant,2,Medium,Low,False,100271,107339,Unchanged,53,True,8,-14.38,7068,7.0488974878080395,Junior,Low,False
38,E0039,43,Male,High school,Education,Teacher,17,High,High,False,104290,139250,Modified,36,True,7,17.87,34960,33.52191005849075,Senior,High,False
39,E0040,51,Male,Bachelor,Retail,Cashier,29,Medium,High,False,69790,73122,Unchanged,50,False,5,-8.29,3332,4.774322968906721,Senior,High,False
40,E0041,25,Female,Master,Retail,Sales associate,1,High,Medium,True,103744,144902,Modified,48,True,7,8.2,41158,39.67265576804442,Junior,Medium,False
41,E0042,27,Male,Master,Retail,Cashier,3,Medium,Medium,False,62635,56661,Modified,51,False,8,35.7,-5974,-9.537798355552008,Mid,Medium,False
42,E0043,52,Male,High school,Education,Professor,28,High,Low,False,96235,126241,Unchanged,35,False,5,-2.33,30006,31.179924144022447,Senior,Low,False
43,E0044,39,Female,Master,It,Data analyst,17,High,Low,True,62745,85439,Unchanged,42,False,8,21.76,22694,36.16861901346721,Senior,Low,False
44,E0045,45,Other,Phd,It,Devops engineer,22,Medium,Medium,True,102991,113428,Modified,44,False,4,1.52,10437,10.133895194725753,Senior,Medium,False
45,E0046,47,Male,Bachelor,Manufacturing,Quality inspector,25,High,Medium,False,57751,70352,Modified,50,False,9,22.15,12601,21.819535592457274,Senior,Medium,False
46,E0047,50,Other,Bachelor,Manufacturing,Supervisor,27,High,Medium,False,49190,51741,Modified,47,True,6,-4.63,2551,5.186013417361252,Senior,Medium,False
47,E0048,28,Female,Master,Manufacturing,Machine operator,6,Low,Medium,True,100316,98223,Modified,48,False,8,-15.74,-2093,-2.08640695402528,Mid,Medium,False
48,E0049,33,Female,Phd,Retail,Store manager,9,Low,High,True,85766,81832,Unchanged,53,False,3,14.73,-3934,-4.586899237460066,Senior,High,False
49,E0050,43,Other,Bachelor,Healthcare,Nurse,20,High,Low,True,86661,82341,Unchanged,49,False,8,-17.67,-4320,-4.98494132308651,Senior,Low,False
50,E0051,58,Male,Bachelor,Healthcare,Technician,36,Low,Low,True,110135,117348,Unchanged,39,False,9,-7.05,7213,6.549235029736233,Senior,Low,False
51,E0052,25,Male,Phd,Education,Professor,0,Low,High,False,88335,90958,Unchanged,42,False,6,12.44,2623,2.9693779362653534,Junior,High,False
52,E0053,37,Female,Bachelor,Healthcare,Technician,11,Low,Medium,True,47019,49707,Modified,53,True,6,-17.54,2688,5.716837874050915,Senior,Medium,False
53,E0054,47,Male,Phd,Healthcare,Technician,21,High,High,True,62217,85709,Modified,43,True,6,30.16,23492,37.75816898918302,Senior,High,False
54,E0055,22,Other,Bachelor,Marketing,Digital marketer,0,Medium,Low,False,46896,48429,Unchanged,50,True,3,-5.61,1533,3.268935516888434,Junior,Low,False
55,E0056,22,Female,Master,Manufacturing,Quality inspector,0,Medium,Medium,True,83222,91305,Modified,37,True,6,6.14,8083,9.712576001538055,Junior,Medium,False
56,E0057,47,Male,Phd,Marketing,Content creator,23,Medium,Low,False,43284,40515,Unchanged,39,True,9,0.51,-2769,-6.397283060715275,Senior,Low,False
57,E0058,51,Male,Bachelor,Retail,Store manager,26,High,Low,False,59124,64120,Unchanged,50,False,7,-14.13,4996,8.450037209931669,Senior,Low,False
58,E0059,57,Other,Phd,Education,Teacher,35,High,Medium,False,86573,91794,Modified,44,False,8,3.91,5221,6.030748616774282,Senior,Medium,False
59,E0060,26,Female,High school,Education,Administrator,1,Low,Medium,False,98385,97315,Modified,53,False,4,-19.08,-1070,-1.0875641612034355,Junior,Medium,False
60,E0061,53,Male,High school,Marketing,Seo specialist,31,Low,High,False,71975,75487,Unchanged,50,False,9,-10.22,3512,4.879472038902397,Senior,High,False
61,E0062,23,Male,Bachelor,Marketing,Content creator,1,Medium,High,False,79115,85106,Unchanged,46,False,4,36.41,5991,7.572521013714213,Junior,High,False
62,E0063,56,Male,High school,Marketing,Seo specialist,31,Low,Medium,False,34000,36437,Modified,46,False,5,29.24,2437,7.16764705882353,Senior,Medium,False
63,E0064,22,Male,Master,Education,Administrator,0,Low,High,True,99449,97559,Unchanged,46,False,9,-3.56,-1890,-1.9004715985077778,Junior,High,False
64,E0065,23,Male,Bachelor,Finance,Accountant,0,High,Low,False,57350,48329,Unchanged,44,True,4,-0.86,-9021,-15.72972972972973,Junior,Low,False
65,E0066,55,Female,Master,Finance,Auditor,31,Medium,Medium,False,50358,47107,Modified,47,True,5,21.8,-3251,-6.4557766392628775,Senior,Medium,False
66,E0067,50,Male,High school,Marketing,Seo specialist,25,Low,High,False,63496,67973,Unchanged,44,False,7,-3.08,4477,7.050837848053421,Senior,High,False
67,E0068,30,Other,High school,Manufacturing,Machine operator,6,Medium,High,True,113042,115730,Unchanged,41,False,9,2.32,2688,2.3778772491640274,Mid,High,False
68,E0069,53,Other,High school,Education,Professor,27,Medium,Medium,True,74811,76957,Modified,37,True,3,25.05,2146,2.8685621098501555,Senior,Medium,False
69,E0070,51,Male,Master,Retail,Cashier,29,Medium,Medium,True,44397,46571,Modified,47,True,5,3.38,2174,4.896727256346149,Senior,Medium,False
70,E0071,40,Female,Phd,It,Data analyst,18,High,Low,False,109459,88278,Unchanged,46,True,3,34.32,-21181,-19.350624434719847,Senior,Low,False
71,E0072,28,Male,Bachelor,Finance,Investment analyst,3,Medium,Low,False,112637,124242,Unchanged,49,True,7,8.95,11605,10.303008780418512,Mid,Low,False
72,E0073,26,Female,High school,It,Software engineer,2,Low,Low,False,119112,123049,Unchanged,50,True,3,-7.24,3937,3.3052924978171805,Junior,Low,False
73,E0074,35,Other,Master,Education,Teacher,12,Low,Low,False,39348,41730,Unchanged,45,False,4,12.75,2382,6.053674900884416,Senior,Low,False
74,E0075,33,Other,Phd,Retail,Cashier,11,Medium,Medium,False,53625,61727,Modified,40,True,9,32.01,8102,15.10862470862471,Senior,Medium,False
75,E0076,34,Other,High school,It,Software engineer,11,Low,Low,True,92856,99660,Unchanged,39,False,7,22.37,6804,7.327474799689843,Senior,Low,False
76,E0077,58,Male,Bachelor,Manufacturing,Machine operator,34,High,High,True,58295,59726,Replaced,54,False,3,2.24,1431,2.4547559825027876,Senior,High,True
77,E0078,28,Female,Phd,Manufacturing,Machine operator,6,Medium,High,True,31324,35271,Unchanged,53,True,7,2.58,3947,12.60056186949304,Mid,High,False
78,E0079,48,Female,High school,Marketing,Seo specialist,25,Low,Medium,True,85129,85089,Modified,47,True,7,6.07,-40,-0.04698751306840207,Senior,Medium,False
79,E0080,49,Male,Phd,Education,Professor,26,High,Low,False,60355,52586,Unchanged,43,False,9,-12.95,-7769,-12.87217297655538,Senior,Low,False
80,E0081,22,Male,Bachelor,Marketing,Seo specialist,0,Medium,High,True,110219,131012,Unchanged,51,True,3,2.49,20793,18.865168437383755,Junior,High,False
81,E0082,54,Other,Phd,Marketing,Content creator,28,High,Low,True,97641,78824,Unchanged,49,False,7,38.19,-18817,-19.271617455781893,Senior,Low,False
82,E0083,37,Male,High school,Manufacturing,Machine operator,11,Low,High,True,91642,99694,Unchanged,53,False,6,-4.82,8052,8.78636433076537,Senior,High,False
83,E0084,39,Other,Bachelor,It,Software engineer,17,Low,High,False,82528,87014,Unchanged,37,True,9,7.27,4486,5.43573090345095,Senior,High,False
84,E0085,32,Male,High school,Healthcare,Nurse,7,Medium,High,False,40975,37588,Unchanged,42,False,4,3.67,-3387,-8.2660158633313,Senior,High,False
85,E0086,49,Female,Bachelor,Marketing,Digital marketer,24,Low,High,False,91529,92283,Unchanged,39,True,3,-6.24,754,0.823782626271455,Senior,High,False
86,E0087,57,Male,Phd,Retail,Store manager,33,High,Low,True,77605,63588,Unchanged,54,True,7,-3.21,-14017,-18.06198054249082,Senior,Low,False
87,E0088,49,Male,High school,Retail,Sales associate,23,Medium,Low,False,57532,67501,Unchanged,52,False,5,29.35,9969,17.327748035875686,Senior,Low,False
88,E0089,26,Female,Bachelor,Healthcare,Nurse,4,Low,Medium,True,95545,104135,Modified,47,True,7,31.96,8590,8.99052802344445,Mid,Medium,False
89,E0090,54,Male,Master,It,Data analyst,32,Medium,Low,False,38415,45928,Unchanged,51,False,7,2.6,7513,19.55746453208382,Senior,Low,False
90,E0091,54,Other,Bachelor,Marketing,Content creator,31,Medium,High,True,105880,108468,Unchanged,50,False,9,-3.6,2588,2.4442765394786554,Senior,High,False
91,E0092,27,Other,Phd,It,Software engineer,2,High,Low,False,48384,54219,Unchanged,37,False,7,24.99,5835,12.059771825396826,Junior,Low,False
92,E0093,44,Other,High school,Education,Teacher,18,High,High,True,99172,135554,Modified,51,True,7,30.98,36382,36.68575807687654,Senior,High,False
93,E0094,35,Female,Phd,Retail,Sales associate,13,Medium,High,False,68765,67075,Unchanged,38,True,8,-3.52,-1690,-2.4576456045953607,Senior,High,False
94,E0095,22,Other,Bachelor,Education,Administrator,0,Low,Medium,True,75543,78770,Modified,42,False,9,1.49,3227,4.271739274320586,Junior,Medium,False
95,E0096,47,Female,Phd,Marketing,Digital marketer,24,Low,Medium,True,88017,89903,Modified,52,False,6,29.88,1886,2.142767874387902,Senior,Medium,False
96,E0097,22,Male,Phd,Finance,Accountant,0,Medium,Medium,False,54285,61751,Modified,49,True,9,15.4,7466,13.75333885972184,Junior,Medium,False
97,E0098,36,Male,High school,Healthcare,Doctor,10,High,Low,False,69764,82573,Unchanged,41,False,8,28.3,12809,18.3604724499742,Senior,Low,False
98,E0099,55,Female,Master,Retail,Store manager,32,Low,Low,False,85393,89278,Unchanged,53,True,9,13.29,3885,4.549553242069022,Senior,Low,False
99,E0100,55,Male,High school,Education,Teacher,30,High,Low,True,83413,89297,Unchanged,44,False,5,34.63,5884,7.054056322156018,Senior,Low,False
100,E0101,38,Female,Master,Retail,Store manager,12,High,Medium,False,69811,75089,Modified,51,False,6,30.53,5278,7.560413115411611,Senior,Medium,False
101,E0102,41,Other,Master,Healthcare,Nurse,15,High,High,False,103477,113366,Modified,45,True,5,-0.27,9889,9.556713085999787,Senior,High,False
102,E0103,32,Other,Bachelor,Manufacturing,Supervisor,8,Medium,High,True,36254,34030,Unchanged,45,True,8,-12.32,-2224,-6.134495503944392,Senior,High,False
103,E0104,37,Male,High school,Manufacturing,Machine operator,12,Low,Medium,False,71240,77261,Modified,52,True,7,8.44,6021,8.451712521055587,Senior,Medium,False
104,E0105,40,Male,Master,Retail,Cashier,14,Low,Medium,False,117044,117250,Modified,40,False,3,0.86,206,0.1760021872116469,Senior,Medium,False
105,E0106,26,Other,Master,Finance,Accountant,4,High,High,True,46907,43332,Replaced,48,False,4,1.86,-3575,-7.621463747415098,Mid,High,True
106,E0107,48,Male,Phd,Retail,Cashier,26,Low,Low,False,53321,57048,Unchanged,49,True,8,17.67,3727,6.989741377693591,Senior,Low,False
107,E0108,38,Female,Phd,Retail,Cashier,15,Medium,Low,False,94291,107667,Unchanged,54,False,9,24.9,13376,14.185871398118591,Senior,Low,False
108,E0109,43,Female,High school,Marketing,Digital marketer,20,Medium,High,True,58699,59325,Unchanged,47,False,4,7.75,626,1.0664576909317025,Senior,High,False
109,E0110,35,Male,Bachelor,Manufacturing,Machine operator,11,Medium,Medium,False,35126,38854,Modified,45,True,9,30.67,3728,10.613220975915276,Senior,Medium,False
110,E0111,39,Male,Bachelor,Marketing,Digital marketer,16,High,Medium,False,118869,133082,Modified,39,False,6,-5.45,14213,11.95686007285331,Senior,Medium,False
111,E0112,31,Male,Phd,Manufacturing,Supervisor,9,Low,Low,False,80448,78977,Unchanged,46,False,3,-0.35,-1471,-1.8285103420843278,Senior,Low,False
112,E0113,38,Other,Bachelor,It,Software engineer,12,Low,Medium,False,36168,38043,Modified,47,False,4,27.35,1875,5.184140676841407,Senior,Medium,False
113,E0114,57,Other,High school,Education,Professor,34,Low,Medium,False,42910,45562,Modified,53,False,4,5.9,2652,6.180377534374272,Senior,Medium,False
114,E0115,58,Male,Master,It,Software engineer,33,Low,Medium,True,84553,88030,Modified,47,True,8,-5.34,3477,4.112213641148156,Senior,Medium,False
115,E0116,58,Other,Master,It,Software engineer,36,Medium,Medium,True,88656,79990,Modified,40,True,9,-6.48,-8666,-9.7748601335499,Senior,Medium,False
116,E0117,25,Male,High school,Education,Administrator,1,Medium,High,False,106125,101032,Unchanged,37,False,5,33.81,-5093,-4.799057714958775,Junior,High,False
117,E0118,52,Other,Master,It,Software engineer,26,High,High,False,106323,148677,Replaced,54,False,6,33.8,42354,39.83521909652662,Senior,High,True
118,E0119,32,Male,High school,Marketing,Content creator,7,High,Medium,True,117886,152101,Modified,40,True,5,-4.53,34215,29.023802656804033,Senior,Medium,False
119,E0120,23,Male,Phd,Finance,Investment analyst,0,High,Medium,True,109239,118630,Modified,39,False,8,30.31,9391,8.59674658318,Junior,Medium,False
120,E0121,47,Other,Master,Finance,Accountant,22,Low,Medium,True,88067,90369,Modified,49,True,3,-5.46,2302,2.613918948073626,Senior,Medium,False
121,E0122,47,Female,Master,Healthcare,Nurse,21,High,Low,True,31917,28489,Unchanged,45,False,5,8.87,-3428,-10.740357803051666,Senior,Low,False
122,E0123,54,Other,Phd,Manufacturing,Quality inspector,31,High,Low,False,89383,78715,Unchanged,46,False,4,-16.2,-10668,-11.93515545461665,Senior,Low,False
123,E0124,34,Female,High school,Marketing,Digital marketer,11,Low,Medium,True,64387,63626,Modified,51,True,3,20.89,-761,-1.1819156040815693,Senior,Medium,False
124,E0125,32,Other,High school,Finance,Investment analyst,8,Low,Medium,True,72078,78523,Modified,46,False,4,29.84,6445,8.941702045006798,Senior,Medium,False
125,E0126,35,Male,Phd,Finance,Auditor,9,Low,Medium,True,38567,42371,Modified,37,True,5,-7.7,3804,9.863354681463427,Senior,Medium,False
126,E0127,22,Male,Bachelor,Manufacturing,Supervisor,0,Low,Medium,True,35951,38367,Modified,39,False,8,29.68,2416,6.72025812912019,Junior,Medium,False
127,E0128,51,Female,High school,Finance,Investment analyst,27,Low,Low,True,116740,114167,Unchanged,48,False,4,-5.86,-2573,-2.204043172862772,Senior,Low,False
128,E0129,25,Male,Phd,It,Data analyst,3,High,Medium,False,44060,50800,Modified,42,False,9,20.98,6740,15.297321833862915,Mid,Medium,False
129,E0130,35,Female,High school,Finance,Accountant,11,High,Low,False,103340,101358,Unchanged,49,False,3,24.86,-1982,-1.9179407780143216,Senior,Low,False
130,E0131,46,Female,Phd,Finance,Investment analyst,24,Low,Medium,True,64016,64574,Modified,42,True,5,11.91,558,0.8716570857285678,Senior,Medium,False
131,E0132,27,Male,Bachelor,Retail,Cashier,3,Low,High,True,113122,113148,Unchanged,49,False,9,-11.64,26,0.022984034935733103,Mid,High,False
132,E0133,50,Male,Bachelor,Finance,Investment analyst,28,Medium,Medium,True,89379,100322,Modified,40,False,3,14.39,10943,12.243368128978844,Senior,Medium,False
133,E0134,54,Female,Master,Manufacturing,Quality inspector,28,Low,Low,True,94484,100794,Unchanged,38,True,8,-11.41,6310,6.678379408153762,Senior,Low,False
134,E0135,23,Male,Bachelor,Education,Teacher,0,Low,Low,True,73872,71318,Unchanged,49,False,6,12.19,-2554,-3.4573316006064543,Junior,Low,False
135,E0136,45,Male,Phd,Finance,Accountant,20,Medium,Medium,True,70631,74211,Modified,49,False,6,12.39,3580,5.068595942291628,Senior,Medium,False
136,E0137,33,Other,High school,Retail,Cashier,7,Medium,High,True,50609,45733,Unchanged,38,True,6,15.91,-4876,-9.634649963445236,Senior,High,False
137,E0138,47,Male,Bachelor,Manufacturing,Machine operator,23,High,Medium,False,101315,92091,Modified,40,True,8,34.51,-9224,-9.104278734639491,Senior,Medium,False
138,E0139,29,Other,Master,Manufacturing,Machine operator,6,High,High,True,106077,124000,Replaced,42,True,8,34.71,17923,16.896216899045033,Mid,High,True
139,E0140,39,Other,Bachelor,It,Devops engineer,17,Medium,High,True,45328,41041,Unchanged,46,True,6,32.33,-4287,-9.45773032121426,Senior,High,False
140,E0141,57,Male,Phd,It,Software engineer,32,High,Medium,False,94644,128100,Modified,44,False,3,22.43,33456,35.349308989476356,Senior,Medium,False
141,E0142,49,Male,High school,Healthcare,Doctor,26,High,Low,True,85176,89816,Unchanged,42,False,3,24.19,4640,5.447543909082371,Senior,Low,False
142,E0143,43,Male,Phd,Manufacturing,Machine operator,19,High,Low,True,43718,38195,Unchanged,48,True,6,-5.85,-5523,-12.63324031291459,Senior,Low,False
143,E0144,44,Male,Bachelor,Finance,Investment analyst,22,High,High,True,83173,92430,Replaced,49,True,3,15.48,9257,11.129813761677468,Senior,High,True
144,E0145,30,Female,Bachelor,Manufacturing,Quality inspector,7,High,Low,True,69224,55571,Unchanged,54,True,3,0.01,-13653,-19.72292846411649,Senior,Low,False
145,E0146,47,Female,Bachelor,It,Data analyst,23,High,Low,True,103509,104317,Unchanged,36,False,5,0.82,808,0.7806084495068062,Senior,Low,False
146,E0147,38,Other,High school,Education,Administrator,14,Medium,Low,False,71914,74483,Unchanged,41,False,6,-11.55,2569,3.572322496315043,Senior,Low,False
147,E0148,27,Female,High school,Marketing,Content creator,1,Medium,Medium,True,117895,117121,Modified,45,False,8,26.83,-774,-0.6565163917044827,Junior,Medium,False
148,E0149,47,Male,Phd,Marketing,Seo specialist,22,Medium,Medium,True,46241,50821,Modified,54,True,3,-9.32,4580,9.904630090179712,Senior,Medium,False
149,E0150,41,Male,High school,Healthcare,Doctor,16,Low,Low,True,51566,56698,Unchanged,35,True,7,10.13,5132,9.952294147306365,Senior,Low,False
150,E0151,51,Other,Bachelor,Manufacturing,Machine operator,27,Low,High,False,54442,58251,Unchanged,51,True,7,0.96,3809,6.996436574703354,Senior,High,False
151,E0152,50,Male,Bachelor,Retail,Cashier,26,Low,Medium,False,48449,48163,Modified,52,False,4,22.84,-286,-0.5903114615368737,Senior,Medium,False
152,E0153,49,Female,Master,Retail,Sales associate,27,Medium,High,True,56737,59522,Unchanged,38,True,3,25.92,2785,4.908613426864304,Senior,High,False
153,E0154,29,Other,Bachelor,It,Data analyst,3,High,Low,True,42342,57909,Unchanged,44,False,5,2.4,15567,36.76491426951963,Mid,Low,False
154,E0155,55,Male,Bachelor,Marketing,Seo specialist,30,High,Medium,False,111974,100070,Modified,42,True,3,22.96,-11904,-10.63103934842017,Senior,Medium,False
155,E0156,24,Female,High school,Retail,Sales associate,0,High,Low,False,93230,75686,Unchanged,49,True,7,-13.75,-17544,-18.81797704601523,Junior,Low,False
156,E0157,24,Other,High school,Marketing,Content creator,0,Low,Medium,True,54160,55974,Modified,37,True,8,23.25,1814,3.349335302806499,Junior,Medium,False
157,E0158,53,Male,High school,It,Devops engineer,29,Medium,High,False,42175,42982,Unchanged,48,False,9,20.09,807,1.913455838767042,Senior,High,False
158,E0159,39,Male,Bachelor,Healthcare,Technician,16,High,Medium,False,46032,42567,Modified,53,True,6,-18.41,-3465,-7.5273722627737225,Senior,Medium,False
159,E0160,50,Male,Master,Healthcare,Nurse,25,High,Low,False,38705,52111,Unchanged,45,True,4,17.49,13406,34.636351892520345,Senior,Low,False
160,E0161,23,Other,Master,Finance,Accountant,0,High,Medium,True,106918,102730,Modified,40,True,8,17.45,-4188,-3.91702052039881,Junior,Medium,False
161,E0162,30,Other,High school,It,Devops engineer,7,Medium,Medium,True,92516,91437,Modified,46,True,3,36.91,-1079,-1.166284750745817,Senior,Medium,False
162,E0163,31,Female,High school,It,Devops engineer,7,High,Low,True,116143,105604,Unchanged,51,False,8,9.09,-10539,-9.07415858037075,Senior,Low,False
163,E0164,30,Male,High school,Education,Administrator,7,High,Low,True,90774,84493,Unchanged,48,True,6,18.7,-6281,-6.919382201952101,Senior,Low,False
164,E0165,47,Female,Master,Finance,Auditor,24,Low,Medium,False,106908,112647,Modified,40,True,4,20.99,5739,5.368167022112471,Senior,Medium,False
165,E0166,42,Other,Phd,It,Data analyst,19,High,Medium,True,68243,74989,Modified,39,False,3,-15.97,6746,9.885262957372918,Senior,Medium,False
166,E0167,59,Other,High school,Retail,Sales associate,36,High,Medium,True,108411,100155,Modified,40,True,5,-19.34,-8256,-7.615463375487727,Senior,Medium,False
167,E0168,55,Female,Bachelor,It,Software engineer,30,Medium,Medium,True,76828,84473,Modified,47,False,3,-9.48,7645,9.950799187796116,Senior,Medium,False
168,E0169,47,Other,Bachelor,Manufacturing,Quality inspector,21,Medium,High,True,119563,135258,Unchanged,36,True,6,5.32,15695,13.12697071836605,Senior,High,False
169,E0170,22,Male,Phd,Education,Teacher,0,Low,Medium,True,51172,53243,Modified,45,True,5,-5.28,2071,4.04713515203627,Junior,Medium,False
170,E0171,57,Other,Phd,Retail,Cashier,35,High,High,False,54762,53572,Modified,36,False,9,13.98,-1190,-2.173039699061393,Senior,High,False
171,E0172,45,Other,Phd,Healthcare,Nurse,19,Low,Low,True,119399,117278,Unchanged,54,False,5,-18.13,-2121,-1.7763967872427744,Senior,Low,False
172,E0173,56,Other,Phd,Education,Professor,31,Medium,High,True,45850,52907,Unchanged,45,True,4,37.31,7057,15.391494002181025,Senior,High,False
173,E0174,30,Male,Phd,Education,Professor,7,Low,High,False,31524,31576,Unchanged,35,True,3,1.09,52,0.16495368608044664,Senior,High,False
174,E0175,46,Male,Master,It,Data analyst,22,Low,Low,False,75186,72303,Unchanged,53,False,8,-19.86,-2883,-3.8344904636501473,Senior,Low,False
175,E0176,59,Male,Master,Retail,Cashier,36,High,Low,False,53051,53930,Unchanged,51,False,7,-14.51,879,1.6568961942281955,Senior,Low,False
176,E0177,38,Other,High school,Finance,Accountant,15,Low,Medium,True,66408,67530,Modified,50,False,5,-8.89,1122,1.6895554752439466,Senior,Medium,False
177,E0178,29,Female,High school,Retail,Cashier,3,Low,Medium,True,41344,43362,Modified,40,False,3,21.54,2018,4.880998452012384,Mid,Medium,False
178,E0179,39,Male,Phd,Manufacturing,Supervisor,17,Medium,Medium,False,107454,119053,Modified,49,False,4,-16.9,11599,10.794386435125729,Senior,Medium,False
179,E0180,37,Male,Phd,Manufacturing,Machine operator,15,High,Low,True,42182,47812,Unchanged,41,False,8,8.39,5630,13.346925228770564,Senior,Low,False
180,E0181,36,Female,High school,It,Data analyst,10,Low,Low,False,54070,53778,Unchanged,52,False,5,35.46,-292,-0.5400406879970409,Senior,Low,False
181,E0182,44,Female,High school,Finance,Auditor,18,Low,High,True,36737,39005,Unchanged,37,False,4,-16.71,2268,6.173612434330511,Senior,High,False
182,E0183,38,Other,Master,Retail,Cashier,14,High,Low,False,65435,57081,Unchanged,39,False,5,-15.38,-8354,-12.766867884159852,Senior,Low,False
183,E0184,47,Other,Phd,Marketing,Seo specialist,22,Low,Low,True,70998,70805,Unchanged,47,True,4,12.37,-193,-0.271838643342066,Senior,Low,False
184,E0185,54,Other,High school,Marketing,Seo specialist,28,Low,High,True,109273,118178,Unchanged,37,False,4,5.05,8905,8.149314103209393,Senior,High,False
185,E0186,55,Other,High school,Finance,Investment analyst,31,Medium,High,True,59430,56793,Unchanged,37,False,5,3.04,-2637,-4.437152953054014,Senior,High,False
186,E0187,50,Other,Phd,Education,Teacher,28,Low,High,False,91916,87838,Unchanged,50,True,6,8.79,-4078,-4.436659558727534,Senior,High,False
187,E0188,31,Male,Master,Healthcare,Nurse,9,Medium,Medium,False,54574,56015,Modified,51,False,5,24.25,1441,2.6404514970498774,Senior,Medium,False
188,E0189,35,Male,Master,It,Devops engineer,12,Medium,Medium,False,85619,95436,Modified,50,True,3,15.35,9817,11.465912939884838,Senior,Medium,False
189,E0190,36,Female,High school,Finance,Investment analyst,14,Low,High,True,34494,34757,Unchanged,46,False,5,20.78,263,0.7624514408302893,Senior,High,False
190,E0191,58,Male,Phd,Manufacturing,Supervisor,32,Low,Low,False,75028,72282,Unchanged,48,False,5,5.05,-2746,-3.659966945673615,Senior,Low,False
191,E0192,34,Female,Phd,Retail,Store manager,11,Medium,High,False,78280,87908,Unchanged,42,True,6,-16.1,9628,12.299437915176291,Senior,High,False
192,E0193,50,Other,Master,Finance,Accountant,24,Low,High,False,94754,97303,Unchanged,36,True,3,-6.16,2549,2.690123899782595,Senior,High,False
193,E0194,47,Other,High school,Retail,Store manager,25,High,High,True,57376,78855,Replaced,39,True,7,29.57,21479,37.43551310652538,Senior,High,True
194,E0195,44,Other,Bachelor,Marketing,Digital marketer,22,Medium,High,False,76600,90259,Unchanged,44,False,5,39.69,13659,17.83159268929504,Senior,High,False
195,E0196,39,Male,High school,It,Data analyst,17,Low,Medium,True,54578,58528,Modified,49,False,3,-6.53,3950,7.237348382131994,Senior,Medium,False
196,E0197,30,Other,Phd,Retail,Sales associate,5,High,Medium,True,64701,85151,Modified,37,False,5,7.45,20450,31.60693034110756,Mid,Medium,False
197,E0198,49,Other,Master,Retail,Store manager,23,Medium,Medium,False,95160,86910,Modified,44,True,3,31.13,-8250,-8.669609079445145,Senior,Medium,False
198,E0199,36,Female,Phd,Marketing,Content creator,14,Medium,High,True,94772,106198,Unchanged,49,True,8,-3.12,11426,12.056303549571604,Senior,High,False
199,E0200,29,Other,Master,Retail,Store manager,5,Medium,Medium,True,33972,31071,Modified,39,False,6,11.96,-2901,-8.53938537619216,Mid,Medium,False
200,E0201,34,Male,High school,Education,Administrator,9,High,High,False,115956,161745,Modified,47,True,8,-16.31,45789,39.48825416537307,Senior,High,False
201,E0202,50,Male,Bachelor,Healthcare,Doctor,26,High,Low,False,49129,56144,Unchanged,42,False,5,19.73,7015,14.278735573693746,Senior,Low,False
202,E0203,34,Female,Master,Marketing,Seo specialist,8,Low,Medium,False,116231,124322,Modified,35,True,5,19.51,8091,6.961137734339376,Senior,Medium,False
203,E0204,34,Male,Phd,It,Software engineer,10,High,High,True,81756,99618,Modified,40,True,6,20.81,17862,21.847937766035518,Senior,High,False
204,E0205,28,Other,Bachelor,Finance,Investment analyst,2,High,Low,False,78874,108592,Unchanged,44,True,4,7.93,29718,37.67781524963866,Junior,Low,False
205,E0206,53,Male,Phd,Healthcare,Technician,29,Medium,Medium,False,107236,120431,Modified,38,True,4,-10.35,13195,12.304636502667014,Senior,Medium,False
206,E0207,35,Male,Master,Retail,Store manager,9,High,Medium,False,63062,57757,Modified,51,True,3,-14.95,-5305,-8.412356094002728,Senior,Medium,False
207,E0208,38,Other,Phd,Healthcare,Nurse,15,Low,High,False,42987,40896,Unchanged,50,True,8,29.12,-2091,-4.864261288296462,Senior,High,False
208,E0209,40,Male,Bachelor,Education,Administrator,17,High,High,True,117272,161576,Replaced,49,True,8,0.51,44304,37.778838938536055,Senior,High,True
209,E0210,58,Male,Master,Education,Professor,32,High,Medium,True,112197,152850,Modified,52,False,6,21.27,40653,36.23358913339929,Senior,Medium,False
210,E0211,48,Female,Phd,Healthcare,Doctor,26,High,Medium,True,110395,92777,Modified,35,False,8,14.93,-17618,-15.959056116671952,Senior,Medium,False
211,E0212,47,Male,Master,Marketing,Content creator,23,Medium,Medium,False,97889,117177,Modified,46,True,6,20.56,19288,19.703950392791835,Senior,Medium,False
212,E0213,56,Other,Phd,Healthcare,Technician,31,Medium,Low,True,57083,51795,Unchanged,40,False,9,-18.67,-5288,-9.263703729656815,Senior,Low,False
213,E0214,36,Other,High school,It,Data analyst,12,High,High,False,57082,69067,Modified,48,False,4,6.75,11985,20.996110858063837,Senior,High,False
214,E0215,50,Female,Master,Finance,Auditor,25,Low,Medium,False,44288,42752,Modified,49,False,9,31.25,-1536,-3.4682080924855487,Senior,Medium,False
215,E0216,50,Other,Master,Education,Teacher,24,Low,High,False,47482,46680,Unchanged,48,True,6,-15.06,-802,-1.6890611178973085,Senior,High,False
216,E0217,43,Other,High school,It,Devops engineer,19,High,High,True,52042,68738,Replaced,49,True,7,37.79,16696,32.08178010068791,Senior,High,True
217,E0218,41,Female,High school,Healthcare,Nurse,17,High,Low,False,93416,99523,Unchanged,40,False,9,-1.28,6107,6.5374239958893545,Senior,Low,False
218,E0219,55,Other,Master,Healthcare,Technician,29,High,High,True,78290,64094,Modified,46,True,4,19.1,-14196,-18.132583982628688,Senior,High,False
219,E0220,36,Female,Bachelor,Finance,Accountant,11,High,High,False,48639,54764,Replaced,51,False,7,-10.45,6125,12.592775344887846,Senior,High,True
220,E0221,29,Female,Bachelor,Finance,Auditor,5,High,Low,True,115553,145205,Unchanged,46,False,7,17.57,29652,25.660952117210282,Mid,Low,False
221,E0222,45,Male,Bachelor,Retail,Sales associate,20,Low,Medium,True,83625,87178,Modified,48,True,9,27.79,3553,4.248729446935725,Senior,Medium,False
222,E0223,38,Other,High school,Finance,Investment analyst,13,High,Medium,False,81027,85741,Modified,36,True,5,-7.97,4714,5.817813815148037,Senior,Medium,False
223,E0224,34,Male,Phd,Finance,Auditor,12,Low,Medium,False,56589,57091,Modified,40,True,5,8.8,502,0.887098199296683,Senior,Medium,False
224,E0225,46,Male,High school,Healthcare,Doctor,24,Low,Medium,False,81195,86633,Modified,53,True,3,-17.62,5438,6.697456739947041,Senior,Medium,False
225,E0226,38,Female,High school,Finance,Investment analyst,13,Medium,Low,True,82269,77558,Unchanged,54,False,3,9.93,-4711,-5.726336773268182,Senior,Low,False
226,E0227,31,Male,High school,Finance,Auditor,8,Low,Medium,True,93483,89824,Modified,43,True,7,12.05,-3659,-3.914080634981761,Senior,Medium,False
227,E0228,51,Male,High school,Manufacturing,Supervisor,29,High,High,True,118652,100515,Replaced,36,True,8,3.82,-18137,-15.28587802986886,Senior,High,True
228,E0229,47,Female,Master,Finance,Investment analyst,24,High,Medium,False,111905,144677,Modified,46,True,3,-17.53,32772,29.28555471158572,Senior,Medium,False
229,E0230,32,Male,High school,Healthcare,Doctor,6,High,Medium,True,79786,65340,Modified,41,False,9,36.17,-14446,-18.105933371769485,Mid,Medium,False
230,E0231,53,Female,Bachelor,Retail,Cashier,31,Medium,Low,True,94881,112012,Unchanged,54,True,8,36.84,17131,18.055248152949485,Senior,Low,False
231,E0232,28,Male,Master,Finance,Auditor,4,Medium,Low,False,76163,81182,Unchanged,37,False,9,15.85,5019,6.589813951656316,Mid,Low,False
232,E0233,35,Other,Bachelor,Manufacturing,Supervisor,11,High,High,True,45313,37891,Modified,47,False,3,-5.17,-7422,-16.37940546862931,Senior,High,False
233,E0234,40,Male,High school,It,Devops engineer,15,Low,Low,True,100316,98040,Unchanged,53,False,6,27.38,-2276,-2.2688304956337975,Senior,Low,False
234,E0235,39,Male,Phd,Marketing,Seo specialist,16,Low,Low,False,46082,45357,Unchanged,43,True,5,39.78,-725,-1.5732824096176383,Senior,Low,False
235,E0236,24,Female,High school,Retail,Store manager,0,High,High,False,109561,114157,Modified,49,False,3,-6.77,4596,4.1949233760188385,Junior,High,False
236,E0237,28,Female,Master,Education,Professor,3,Medium,Low,False,102541,121842,Unchanged,54,True,7,4.95,19301,18.82271481651242,Mid,Low,False
237,E0238,25,Other,Master,Healthcare,Nurse,0,Medium,Low,True,55963,63255,Unchanged,52,False,3,10.29,7292,13.030037703482659,Junior,Low,False
238,E0239,53,Female,Bachelor,Education,Teacher,31,Medium,High,False,102099,92789,Unchanged,38,True,4,3.73,-9310,-9.118600573952731,Senior,High,False
239,E0240,36,Other,Phd,Education,Teacher,13,High,High,True,106707,112365,Modified,53,True,4,-3.39,5658,5.302370041328123,Senior,High,False
240,E0241,33,Female,Bachelor,It,Devops engineer,9,Low,Low,True,78364,79921,Unchanged,35,True,5,30.16,1557,1.9868817314072789,Senior,Low,False
241,E0242,47,Other,Master,Marketing,Digital marketer,22,Medium,Low,True,53279,57570,Unchanged,48,True,8,17.95,4291,8.053829839148632,Senior,Low,False
242,E0243,23,Male,Phd,Manufacturing,Supervisor,0,High,High,False,94324,79371,Replaced,49,False,8,6.23,-14953,-15.852805224545186,Junior,High,True
243,E0244,46,Female,Master,Finance,Investment analyst,21,Medium,Low,False,99350,94288,Unchanged,36,False,5,3.46,-5062,-5.095118268746854,Senior,Low,False
244,E0245,58,Male,Phd,Marketing,Content creator,32,Medium,High,True,43760,49538,Unchanged,47,False,9,-12.15,5778,13.203839122486288,Senior,High,False
245,E0246,52,Male,Master,Marketing,Seo specialist,28,Low,Medium,False,82233,79027,Modified,44,False,7,-9.81,-3206,-3.8986781462429927,Senior,Medium,False
246,E0247,31,Male,Master,Education,Professor,6,Medium,Low,False,49816,51273,Unchanged,45,True,6,-5.08,1457,2.924763128312189,Mid,Low,False
247,E0248,22,Male,Bachelor,Manufacturing,Machine operator,0,High,Low,True,112495,114244,Unchanged,45,True,7,2.76,1749,1.554735766034046,Junior,Low,False
248,E0249,58,Male,Phd,Marketing,Seo specialist,33,High,Low,False,39847,51139,Unchanged,49,True,8,15.12,11292,28.33839435842096,Senior,Low,False
249,E0250,41,Other,Bachelor,Education,Administrator,18,Medium,Medium,False,111537,104498,Modified,35,False,9,-6.13,-7039,-6.310910280893337,Senior,Medium,False
250,E0251,56,Other,Master,Finance,Accountant,30,High,Low,True,58404,49826,Unchanged,53,False,8,-13.8,-8578,-14.687350181494418,Senior,Low,False
251,E0252,33,Male,Bachelor,Education,Professor,10,High,Low,False,71235,99157,Unchanged,45,True,8,37.91,27922,39.19702393486348,Senior,Low,False
252,E0253,55,Male,Master,Retail,Sales associate,33,Low,Low,False,119393,130850,Unchanged,49,False,5,14.81,11457,9.596039968842394,Senior,Low,False
253,E0254,44,Male,Phd,Education,Professor,19,Medium,Low,True,109141,102799,Unchanged,47,False,6,-18.2,-6342,-5.810831859704419,Senior,Low,False
254,E0255,37,Male,High school,Manufacturing,Machine operator,14,Low,High,True,73753,78173,Unchanged,35,False,9,-10.26,4420,5.9929765568858215,Senior,High,False
255,E0256,29,Male,High school,Finance,Auditor,3,High,Low,True,43669,57681,Unchanged,36,True,3,-9.37,14012,32.086835054615406,Mid,Low,False
256,E0257,47,Female,Bachelor,Finance,Accountant,23,Low,High,False,118009,112418,Unchanged,42,True,9,-5.35,-5591,-4.737774237558153,Senior,High,False
257,E0258,33,Male,Bachelor,Marketing,Content creator,9,Medium,High,True,72823,82920,Unchanged,35,False,5,35.12,10097,13.865125029180343,Senior,High,False
258,E0259,52,Male,Phd,Healthcare,Technician,26,Medium,Medium,False,72287,79181,Modified,36,True,4,-13.6,6894,9.536984520038182,Senior,Medium,False
259,E0260,27,Male,Master,It,Devops engineer,5,High,Low,False,90576,94574,Unchanged,43,False,7,32.25,3998,4.413972796325737,Mid,Low,False
260,E0261,34,Other,Bachelor,Manufacturing,Quality inspector,12,Low,Low,True,69882,75596,Unchanged,48,True,6,4.25,5714,8.176640622764088,Senior,Low,False
261,E0262,59,Other,Master,Retail,Store manager,35,Medium,Low,True,94965,111148,Unchanged,53,False,7,32.67,16183,17.04101511083031,Senior,Low,False
262,E0263,32,Male,Bachelor,Retail,Store manager,10,High,Low,True,31367,30680,Unchanged,49,True,3,18.94,-687,-2.1901998916058276,Senior,Low,False
263,E0264,33,Male,Bachelor,Healthcare,Doctor,10,High,Medium,True,39108,40212,Modified,35,False,3,12.91,1104,2.822951825713409,Senior,Medium,False
264,E0265,53,Female,High school,Finance,Auditor,31,Low,Low,True,52443,49936,Unchanged,42,False,8,15.22,-2507,-4.780428274507561,Senior,Low,False
265,E0266,35,Female,High school,Education,Teacher,12,Medium,Low,False,55537,57705,Unchanged,42,False,4,2.79,2168,3.9037038370815855,Senior,Low,False
266,E0267,27,Female,Master,Education,Teacher,2,High,High,False,61348,79032,Replaced,39,False,4,-13.46,17684,28.825715589750278,Junior,High,True
267,E0268,58,Male,Phd,Retail,Cashier,33,Medium,High,False,76819,83146,Unchanged,40,True,8,25.89,6327,8.23624363764173,Senior,High,False
268,E0269,42,Female,Master,Manufacturing,Supervisor,18,Low,Low,True,99967,104677,Unchanged,38,False,5,33.88,4710,4.711554813088319,Senior,Low,False
269,E0270,36,Other,High school,It,Data analyst,11,High,High,True,108612,118116,Modified,48,False,7,-8.33,9504,8.750414318859795,Senior,High,False
270,E0271,25,Female,Phd,Marketing,Digital marketer,0,High,Low,True,66378,90125,Unchanged,42,True,4,11.94,23747,35.775407514537946,Junior,Low,False
271,E0272,57,Male,Master,It,Devops engineer,34,High,Medium,True,42289,40748,Modified,45,False,9,4.81,-1541,-3.6439736101586697,Senior,Medium,False
272,E0273,52,Female,Master,It,Software engineer,27,Medium,Low,False,78713,89727,Unchanged,51,True,4,-8.92,11014,13.992606049826586,Senior,Low,False
273,E0274,57,Male,Bachelor,Education,Administrator,32,Low,Low,True,42149,45137,Unchanged,47,False,4,13.01,2988,7.089136159813993,Senior,Low,False
274,E0275,34,Male,Bachelor,Manufacturing,Machine operator,8,High,Medium,True,118789,137334,Modified,49,True,4,27.62,18545,15.611714889425787,Senior,Medium,False
275,E0276,45,Other,Master,It,Data analyst,22,High,Medium,False,105388,141592,Modified,51,False,4,26.2,36204,34.35305727407295,Senior,Medium,False
276,E0277,48,Male,Phd,Healthcare,Doctor,22,Medium,Low,True,85826,99159,Unchanged,52,True,5,20.29,13333,15.53491948826696,Senior,Low,False
277,E0278,57,Female,Phd,Manufacturing,Machine operator,34,High,Low,True,98576,103935,Unchanged,51,True,5,-10.82,5359,5.436414543093654,Senior,Low,False
278,E0279,55,Male,Bachelor,It,Data analyst,33,High,High,True,47014,52712,Modified,39,False,9,-9.29,5698,12.11979410388395,Senior,High,False
279,E0280,56,Female,High school,It,Software engineer,31,High,High,False,70390,79401,Modified,48,True,7,-6.08,9011,12.80153430885069,Senior,High,False
280,E0281,46,Other,Bachelor,Manufacturing,Machine operator,23,High,Low,False,47727,42088,Unchanged,37,False,4,21.71,-5639,-11.815115133991242,Senior,Low,False
281,E0282,32,Female,High school,Education,Professor,7,Low,High,True,81501,78698,Unchanged,44,True,9,23.46,-2803,-3.4392216046428876,Senior,High,False
282,E0283,57,Male,Master,Education,Professor,31,Low,Low,False,103379,101185,Unchanged,40,False,3,-0.6,-2194,-2.122287892125093,Senior,Low,False
283,E0284,25,Female,Bachelor,Retail,Cashier,0,Low,Low,True,102240,109885,Unchanged,46,False,5,20.18,7645,7.477503912363067,Junior,Low,False
284,E0285,53,Other,High school,Manufacturing,Quality inspector,27,High,Low,False,86549,100023,Unchanged,46,True,7,20.81,13474,15.568059711839535,Senior,Low,False
285,E0286,24,Female,High school,Education,Administrator,1,Medium,Low,False,49201,49638,Unchanged,54,False,8,39.73,437,0.888193329403874,Junior,Low,False
286,E0287,57,Male,Master,Marketing,Digital marketer,31,High,Medium,True,72828,86008,Modified,50,True,4,25.29,13180,18.097435052452354,Senior,Medium,False
287,E0288,51,Other,Phd,Education,Teacher,29,High,Low,False,98619,99461,Unchanged,54,False,5,19.89,842,0.8537908516614446,Senior,Low,False
288,E0289,37,Other,High school,It,Software engineer,11,Low,Medium,True,102982,104001,Modified,39,False,6,-10.86,1019,0.9894933095103999,Senior,Medium,False
289,E0290,22,Female,High school,Manufacturing,Machine operator,0,Low,Medium,True,112205,115362,Modified,52,False,9,17.42,3157,2.813600106947106,Junior,Medium,False
290,E0291,53,Other,High school,Healthcare,Nurse,31,High,Low,False,106559,117652,Unchanged,48,True,6,-10.44,11093,10.410195290871723,Senior,Low,False
291,E0292,54,Other,Phd,Finance,Auditor,31,Medium,High,True,114328,105901,Unchanged,43,True,3,36.22,-8427,-7.3708977678259044,Senior,High,False
292,E0293,32,Male,Bachelor,It,Devops engineer,8,Low,High,False,68067,67519,Unchanged,52,False,9,36.54,-548,-0.805089103383431,Senior,High,False
293,E0294,27,Female,High school,Finance,Auditor,3,Low,Medium,True,95450,98904,Modified,54,True,4,13.99,3454,3.6186485070717653,Mid,Medium,False
294,E0295,33,Male,High school,Healthcare,Nurse,11,Low,Low,False,42329,43639,Unchanged,44,False,8,17.68,1310,3.0948049800373267,Senior,Low,False
295,E0296,35,Female,High school,Marketing,Digital marketer,11,Low,Low,True,61750,61484,Unchanged,37,False,4,-15.14,-266,-0.43076923076923074,Senior,Low,False
296,E0297,48,Other,Bachelor,Finance,Accountant,25,High,High,False,82130,82759,Modified,44,True,3,38.54,629,0.7658590040180202,Senior,High,False
297,E0298,23,Other,Master,Manufacturing,Supervisor,1,Low,Low,False,93740,101173,Unchanged,48,True,3,35.37,7433,7.92937913377427,Junior,Low,False
298,E0299,37,Other,Bachelor,It,Data analyst,11,High,High,True,41138,56428,Modified,47,False,7,29.51,15290,37.16758228401964,Senior,High,False
299,E0300,55,Female,Master,It,Data analyst,29,Medium,High,False,47347,44532,Unchanged,46,False,6,37.79,-2815,-5.945466449827866,Senior,High,False
300,E0301,34,Other,Master,Marketing,Seo specialist,9,High,Medium,True,82188,70961,Modified,45,False,8,18.45,-11227,-13.6601450333382,Senior,Medium,False
301,E0302,23,Other,High school,Retail,Store manager,0,Low,High,False,102146,102960,Unchanged,36,False,4,13.87,814,0.7968985569674779,Junior,High,False
302,E0303,46,Male,High school,Retail,Store manager,23,High,High,True,85677,119683,Modified,49,True,3,-16.53,34006,39.69093222218332,Senior,High,False
303,E0304,44,Other,Bachelor,Finance,Investment analyst,20,High,High,False,74936,66344,Modified,48,False,5,-12.72,-8592,-11.46578413579588,Senior,High,False
304,E0305,28,Other,High school,Healthcare,Doctor,3,Low,Low,False,71568,73458,Unchanged,51,False,7,39.8,1890,2.640845070422535,Mid,Low,False
305,E0306,50,Male,Bachelor,Retail,Store manager,25,High,Medium,True,42411,55507,Modified,39,True,6,23.46,13096,30.878781448209192,Senior,Medium,False
306,E0307,56,Other,Bachelor,Marketing,Content creator,32,Low,Medium,True,56715,57976,Modified,39,False,8,-9.39,1261,2.223397690205413,Senior,Medium,False
307,E0308,23,Male,Bachelor,Manufacturing,Supervisor,0,Low,Medium,False,36548,34825,Modified,44,True,9,-4.41,-1723,-4.714348254350443,Junior,Medium,False
308,E0309,26,Male,Phd,Finance,Accountant,4,Low,Medium,True,90428,86071,Modified,52,True,7,-5.53,-4357,-4.818197903304286,Mid,Medium,False
309,E0310,53,Female,Bachelor,Education,Professor,28,High,High,True,71424,61841,Replaced,54,False,9,12.88,-9583,-13.417058691756273,Senior,High,True
310,E0311,47,Female,Phd,It,Software engineer,22,Medium,Low,False,55121,54977,Unchanged,42,False,5,24.24,-144,-0.2612434462364616,Senior,Low,False
311,E0312,50,Female,Phd,Finance,Accountant,25,Low,High,True,60620,61766,Unchanged,47,False,3,27.1,1146,1.8904651930056087,Senior,High,False
312,E0313,38,Male,Bachelor,Manufacturing,Supervisor,16,Medium,Low,True,94641,97601,Unchanged,44,False,4,-4.72,2960,3.1276085417525175,Senior,Low,False
313,E0314,42,Female,Bachelor,It,Software engineer,17,Low,High,True,58602,59628,Unchanged,51,True,6,-6.38,1026,1.7507934882768508,Senior,High,False
314,E0315,44,Male,Phd,Healthcare,Doctor,18,Low,High,False,77684,82392,Unchanged,39,True,7,10.73,4708,6.060450028319861,Senior,High,False
315,E0316,29,Male,High school,Education,Administrator,7,Medium,Medium,True,93530,102668,Modified,37,False,3,28.13,9138,9.770127231904201,Senior,Medium,False
316,E0317,26,Other,Master,Retail,Store manager,1,Low,Medium,True,118340,119303,Modified,38,False,5,7.72,963,0.8137569714382289,Junior,Medium,False
317,E0318,36,Female,Master,Retail,Store manager,12,Low,Low,False,94027,94330,Unchanged,39,False,8,4.73,303,0.322247864974954,Senior,Low,False
318,E0319,53,Male,Phd,Education,Teacher,30,Medium,High,False,72533,67077,Unchanged,51,False,9,10.88,-5456,-7.522093391973309,Senior,High,False
319,E0320,29,Female,Master,Marketing,Seo specialist,7,High,High,False,65144,67043,Modified,51,False,6,-7.66,1899,2.9150804371853125,Senior,High,False
320,E0321,25,Other,Phd,Finance,Auditor,3,Medium,High,False,89560,106392,Unchanged,52,False,4,8.7,16832,18.794104510942386,Mid,High,False
321,E0322,42,Other,Phd,Marketing,Digital marketer,17,Low,High,True,55227,56395,Unchanged,47,False,7,-13.16,1168,2.1149075633295307,Senior,High,False
322,E0323,53,Other,High school,Education,Teacher,28,High,Medium,False,87866,72598,Modified,52,True,9,-13.35,-15268,-17.376459608949993,Senior,Medium,False
323,E0324,30,Female,Master,Manufacturing,Machine operator,8,High,Medium,False,100119,106050,Modified,52,True,8,6.36,5931,5.923950498906302,Senior,Medium,False
324,E0325,51,Female,Phd,Marketing,Digital marketer,26,Low,Medium,True,76804,80751,Modified,51,False,7,9.76,3947,5.139055257538669,Senior,Medium,False
325,E0326,56,Male,Master,Manufacturing,Supervisor,33,High,Medium,False,78758,104556,Modified,49,False,4,-4.49,25798,32.7560374819066,Senior,Medium,False
326,E0327,42,Other,Master,Retail,Store manager,16,Low,High,False,45997,49506,Unchanged,41,False,9,23.71,3509,7.628758397286779,Senior,High,False
327,E0328,53,Male,High school,It,Software engineer,29,Medium,Low,False,87941,99017,Unchanged,47,False,4,-3.84,11076,12.594807882557625,Senior,Low,False
328,E0329,23,Male,Phd,Finance,Investment analyst,0,Low,Medium,False,85731,91960,Modified,53,True,9,-7.19,6229,7.265749845446805,Junior,Medium,False
329,E0330,45,Female,Master,Education,Teacher,20,High,High,False,87804,92022,Replaced,35,True,5,25.49,4218,4.803881372147055,Senior,High,True
330,E0331,40,Female,Master,Marketing,Digital marketer,14,High,High,True,59725,79075,Replaced,39,True,9,18.18,19350,32.39849309334449,Senior,High,True
331,E0332,29,Other,Master,Finance,Investment analyst,6,High,Low,False,95095,90150,Unchanged,35,False,6,23.59,-4945,-5.200063094799937,Mid,Low,False
332,E0333,56,Male,Master,Healthcare,Doctor,33,High,Medium,False,98056,111102,Modified,41,False,5,23.98,13046,13.304642245247614,Senior,Medium,False
333,E0334,48,Male,High school,Education,Administrator,25,High,Low,False,61656,63207,Unchanged,38,True,8,12.32,1551,2.5155702608018684,Senior,Low,False
334,E0335,47,Female,High school,Marketing,Digital marketer,24,Low,Medium,False,40805,43861,Modified,36,True,7,-19.34,3056,7.489278274721236,Senior,Medium,False
335,E0336,41,Female,Master,Finance,Accountant,17,Medium,Medium,True,66751,63057,Modified,53,False,7,-1.66,-3694,-5.533999490644335,Senior,Medium,False
336,E0337,25,Other,High school,Retail,Store manager,0,High,Medium,False,48313,64339,Modified,39,False,8,15.58,16026,33.17119615838387,Junior,Medium,False
337,E0338,42,Male,Phd,Retail,Sales associate,16,Medium,High,False,110073,119525,Unchanged,47,False,6,1.33,9452,8.587028608287229,Senior,High,False
338,E0339,38,Other,Master,Finance,Accountant,13,Medium,High,False,66060,72183,Unchanged,50,False,4,-16.11,6123,9.268846503178928,Senior,High,False
339,E0340,25,Female,Phd,Finance,Investment analyst,2,Medium,Low,False,46029,52541,Unchanged,53,True,3,-3.81,6512,14.147602598361903,Junior,Low,False
340,E0341,40,Other,Bachelor,Retail,Store manager,14,Medium,High,True,92539,105075,Unchanged,38,True,5,22.46,12536,13.546720842023364,Senior,High,False
341,E0342,57,Male,Bachelor,Healthcare,Nurse,35,Medium,Medium,True,106256,98454,Modified,49,True,5,-6.76,-7802,-7.342644180093359,Senior,Medium,False
342,E0343,54,Other,Bachelor,Manufacturing,Machine operator,32,High,Medium,False,75253,88926,Modified,49,False,8,27.14,13673,18.16937530729672,Senior,Medium,False
343,E0344,35,Female,High school,Healthcare,Nurse,10,Low,High,True,87418,92750,Unchanged,39,True,3,37.02,5332,6.099430323274383,Senior,High,False
344,E0345,31,Male,Master,Healthcare,Technician,8,Medium,Low,True,76850,69768,Unchanged,47,True,8,-18.55,-7082,-9.215354586857515,Senior,Low,False
345,E0346,38,Female,Bachelor,Healthcare,Nurse,14,High,Low,True,113820,144500,Unchanged,37,False,8,-16.63,30680,26.9548409769812,Senior,Low,False
346,E0347,47,Other,Master,Healthcare,Doctor,23,Low,Medium,False,92812,94599,Modified,44,True,7,8.85,1787,1.9253975778994095,Senior,Medium,False
347,E0348,57,Other,Phd,It,Data analyst,34,High,Low,False,49715,41258,Unchanged,37,True,3,34.23,-8457,-17.010962486171174,Senior,Low,False
348,E0349,45,Female,Bachelor,Finance,Auditor,23,Low,Medium,True,73619,78391,Modified,46,False,6,-10.47,4772,6.482022304024776,Senior,Medium,False
349,E0350,52,Male,High school,Retail,Sales associate,27,Low,Medium,True,43975,44890,Modified,46,False,4,-19.2,915,2.0807276861853325,Senior,Medium,False
350,E0351,51,Other,Phd,It,Data analyst,26,High,Low,False,30162,29117,Unchanged,44,False,8,27.23,-1045,-3.464624361779723,Senior,Low,False
351,E0352,52,Other,High school,Marketing,Digital marketer,29,Medium,Medium,True,37896,42936,Modified,47,False,6,-16.08,5040,13.299556681443953,Senior,Medium,False
352,E0353,41,Female,Bachelor,Marketing,Seo specialist,18,High,High,False,48681,55359,Replaced,52,True,3,0.76,6678,13.717877611388426,Senior,High,True
353,E0354,48,Other,Bachelor,Finance,Accountant,25,Low,Medium,True,37927,39150,Modified,50,False,9,-12.32,1223,3.224615709125425,Senior,Medium,False
354,E0355,42,Female,Phd,Manufacturing,Supervisor,19,Low,Medium,True,107465,108842,Modified,39,True,4,-4.39,1377,1.2813474154375843,Senior,Medium,False
355,E0356,42,Female,Bachelor,Retail,Cashier,19,Medium,High,False,58228,63832,Unchanged,51,True,5,-8.11,5604,9.624235762863227,Senior,High,False
356,E0357,46,Other,Phd,Healthcare,Technician,20,Medium,Medium,True,59055,70287,Modified,35,False,4,-9.02,11232,19.019558039116077,Senior,Medium,False
357,E0358,25,Male,Bachelor,Retail,Store manager,2,Low,High,True,45352,48870,Unchanged,51,False,7,13.67,3518,7.757100017639795,Junior,High,False
358,E0359,55,Other,Master,Retail,Sales associate,30,Low,Medium,False,53481,55159,Modified,51,False,3,27.5,1678,3.1375628727959457,Senior,Medium,False
359,E0360,55,Female,Bachelor,Retail,Sales associate,32,High,Medium,True,99184,104855,Modified,50,True,3,-11.54,5671,5.717656073560252,Senior,Medium,False
360,E0361,23,Other,Master,Retail,Store manager,0,Medium,Low,False,95633,110800,Unchanged,41,False,8,7.61,15167,15.859588217456317,Junior,Low,False
361,E0362,33,Female,Bachelor,Retail,Sales associate,8,Medium,High,True,100202,103986,Unchanged,51,False,9,-16.88,3784,3.7763717291072036,Senior,High,False
362,E0363,42,Other,Bachelor,It,Devops engineer,17,Medium,Low,False,104905,104806,Unchanged,49,False,7,25.41,-99,-0.09437109765978742,Senior,Low,False
363,E0364,36,Male,High school,Manufacturing,Supervisor,11,High,Medium,True,44939,42840,Modified,42,False,4,36.8,-2099,-4.6707759407196425,Senior,Medium,False
364,E0365,49,Other,Phd,Finance,Investment analyst,26,Medium,High,False,59118,63005,Unchanged,37,False,6,-14.35,3887,6.574985621976386,Senior,High,False
365,E0366,54,Male,Bachelor,Education,Administrator,31,High,Medium,False,71971,92051,Modified,52,True,5,2.32,20080,27.900126439816038,Senior,Medium,False
366,E0367,40,Male,Phd,Retail,Cashier,14,Low,Medium,True,32551,31835,Modified,43,True,6,-14.36,-716,-2.1996252035267734,Senior,Medium,False
367,E0368,58,Male,Phd,It,Data analyst,32,Medium,Medium,False,37239,42429,Modified,50,True,8,3.76,5190,13.937001530653347,Senior,Medium,False
368,E0369,39,Other,Phd,It,Software engineer,16,Medium,Low,True,36971,40992,Unchanged,41,False,5,27.6,4021,10.87609207216467,Senior,Low,False
369,E0370,24,Male,Phd,Education,Professor,0,Low,Low,False,109473,106772,Unchanged,35,False,9,10.42,-2701,-2.4672750358535898,Junior,Low,False
370,E0371,29,Male,Bachelor,Healthcare,Nurse,3,Low,High,False,47071,45791,Unchanged,40,False,8,6.42,-1280,-2.7192963820611418,Mid,High,False
371,E0372,40,Other,Bachelor,Retail,Sales associate,18,Medium,Medium,False,92987,104323,Modified,35,False,9,-0.82,11336,12.190951423317237,Senior,Medium,False
372,E0373,42,Other,Master,Marketing,Content creator,16,Low,Low,False,86481,84309,Unchanged,39,False,3,32.92,-2172,-2.511534325458771,Senior,Low,False
373,E0374,24,Other,Master,Retail,Store manager,2,Low,Low,True,56819,60108,Unchanged,39,True,5,33.42,3289,5.788556644784315,Junior,Low,False
374,E0375,49,Female,Bachelor,Education,Administrator,23,Low,Low,True,79416,85202,Unchanged,53,True,6,12.45,5786,7.285685504180519,Senior,Low,False
375,E0376,32,Other,Bachelor,Healthcare,Doctor,9,Low,Low,False,82142,86064,Unchanged,36,True,8,-1.16,3922,4.774658518175841,Senior,Low,False
376,E0377,24,Female,High school,Finance,Auditor,0,High,Low,False,42763,47691,Unchanged,35,True,7,-5.34,4928,11.523981011622196,Junior,Low,False
377,E0378,56,Other,Bachelor,Healthcare,Nurse,31,Low,Low,True,75096,79673,Unchanged,45,False,3,-8.52,4577,6.094865239160542,Senior,Low,False
378,E0379,44,Male,Bachelor,Finance,Auditor,22,Low,High,False,102516,109787,Unchanged,37,False,3,30.62,7271,7.0925514066097,Senior,High,False
379,E0380,41,Other,High school,Finance,Auditor,15,Medium,Medium,False,117969,117677,Modified,49,True,9,21.18,-292,-0.24752265425662676,Senior,Medium,False
380,E0381,27,Female,Master,Marketing,Digital marketer,5,Medium,Low,True,68547,66364,Unchanged,37,False,6,30.22,-2183,-3.1846762075656123,Mid,Low,False
381,E0382,46,Female,High school,Education,Administrator,20,Low,High,True,101906,108476,Unchanged,54,False,8,4.5,6570,6.447117932212039,Senior,High,False
382,E0383,57,Female,Phd,Education,Administrator,32,High,Low,True,53952,67960,Unchanged,47,True,9,27.31,14008,25.9638196915777,Senior,Low,False
383,E0384,39,Other,Master,Retail,Store manager,15,Low,Medium,True,116661,122565,Modified,36,True,8,13.63,5904,5.0608172396945,Senior,Medium,False
384,E0385,59,Female,Master,Retail,Sales associate,34,Medium,Low,False,116516,123972,Unchanged,48,True,5,2.82,7456,6.399121150743245,Senior,Low,False
385,E0386,41,Other,Master,Education,Administrator,19,High,High,False,38472,40505,Replaced,40,True,9,-18.37,2033,5.284362653358286,Senior,High,True
386,E0387,43,Other,High school,Education,Administrator,21,Medium,High,False,83330,99315,Unchanged,53,True,3,29.56,15985,19.182767310692427,Senior,High,False
387,E0388,49,Male,Master,Retail,Sales associate,24,High,Low,True,105948,145963,Unchanged,53,False,9,23.6,40015,37.76852795711104,Senior,Low,False
388,E0389,35,Other,Phd,Marketing,Content creator,9,Low,Low,True,109676,105316,Unchanged,43,False,3,-4.2,-4360,-3.9753455632955252,Senior,Low,False
389,E0390,46,Male,Master,Finance,Investment analyst,22,High,High,True,41240,40413,Modified,38,False,5,24.59,-827,-2.0053346265761394,Senior,High,False
390,E0391,25,Male,High school,Healthcare,Technician,0,High,Medium,False,44849,53849,Modified,43,False,9,15.59,9000,20.067337064371557,Junior,Medium,False
391,E0392,37,Other,Master,Retail,Store manager,11,High,High,True,104813,133819,Modified,37,True,5,-17.92,29006,27.67404806655663,Senior,High,False
392,E0393,42,Female,Master,Healthcare,Nurse,16,Medium,Low,True,80500,78543,Unchanged,46,True,3,-6.79,-1957,-2.431055900621118,Senior,Low,False
393,E0394,30,Female,Bachelor,Finance,Accountant,4,Medium,Low,True,76403,88670,Unchanged,35,False,7,-16.12,12267,16.05565226496342,Mid,Low,False
394,E0395,44,Female,Phd,It,Software engineer,19,Medium,Low,False,36581,37692,Unchanged,43,True,5,26.43,1111,3.037095760094038,Senior,Low,False
395,E0396,47,Female,High school,Finance,Auditor,22,High,High,False,118668,107079,Replaced,40,False,6,36.89,-11589,-9.765901506724644,Senior,High,True
396,E0397,50,Male,Phd,Retail,Cashier,26,Medium,Low,True,58803,64855,Unchanged,38,True,8,-12.1,6052,10.291991905174907,Senior,Low,False
397,E0398,33,Female,High school,Retail,Sales associate,7,High,High,False,38770,46188,Replaced,36,True,5,37.03,7418,19.133350528759347,Senior,High,True
398,E0399,22,Other,Phd,Retail,Cashier,0,Low,High,True,56512,54023,Unchanged,42,True,5,16.24,-2489,-4.4043742921857305,Junior,High,False
399,E0400,22,Male,Phd,It,Devops engineer,0,Low,Medium,True,105868,108085,Modified,48,False,5,17.35,2217,2.094117202554124,Junior,Medium,False
400,E0401,41,Male,Phd,Finance,Auditor,19,High,Low,True,36796,41292,Unchanged,51,True,8,31.25,4496,12.218719426024569,Senior,Low,False
401,E0402,29,Other,Bachelor,Manufacturing,Supervisor,5,High,Low,False,46724,49673,Unchanged,44,True,5,-6.89,2949,6.311531546956596,Mid,Low,False
402,E0403,30,Other,Phd,It,Software engineer,4,Low,Medium,True,100448,104723,Modified,53,False,5,-13.17,4275,4.255933418286078,Mid,Medium,False
403,E0404,34,Other,Master,Finance,Investment analyst,10,Medium,Low,True,111554,115478,Unchanged,47,True,3,35.77,3924,3.5175789303834915,Senior,Low,False
404,E0405,40,Other,High school,Manufacturing,Quality inspector,15,Medium,High,False,108279,119245,Unchanged,50,True,3,-4.51,10966,10.127540889738546,Senior,High,False
405,E0406,47,Male,High school,Manufacturing,Quality inspector,22,Low,High,True,33321,35260,Unchanged,48,True,9,31.77,1939,5.819153086642057,Senior,High,False
406,E0407,51,Female,High school,Healthcare,Nurse,25,Medium,High,True,96262,87807,Unchanged,52,False,4,32.3,-8455,-8.783320521077892,Senior,High,False
407,E0408,25,Other,Phd,Healthcare,Doctor,3,High,Medium,True,54995,56173,Modified,42,False,6,-12.74,1178,2.1420129102645693,Mid,Medium,False
408,E0409,54,Male,High school,Manufacturing,Supervisor,29,High,Low,True,74409,73861,Unchanged,36,True,9,24.99,-548,-0.7364700506659141,Senior,Low,False
409,E0410,50,Male,Phd,Finance,Accountant,28,Medium,Medium,True,81649,95236,Modified,48,False,4,15.92,13587,16.640742691276074,Senior,Medium,False
410,E0411,30,Male,High school,Retail,Sales associate,8,High,Low,False,76619,69195,Unchanged,36,True,7,18.27,-7424,-9.689502603792793,Senior,Low,False
411,E0412,59,Female,Phd,Finance,Accountant,35,Medium,High,True,36031,43142,Unchanged,43,False,8,29.2,7111,19.735783075684825,Senior,High,False
412,E0413,33,Male,High school,Education,Professor,9,High,Low,True,32282,35239,Unchanged,39,True,7,14.63,2957,9.15990335171303,Senior,Low,False
413,E0414,52,Female,High school,It,Devops engineer,30,Low,Low,True,102982,110449,Unchanged,45,True,4,-15.96,7467,7.250781690004078,Senior,Low,False
414,E0415,57,Other,Master,Healthcare,Doctor,33,Medium,Low,True,66268,65115,Unchanged,46,True,4,-1.62,-1153,-1.7399046296855194,Senior,Low,False
415,E0416,53,Female,High school,Finance,Investment analyst,29,High,High,False,114162,150070,Replaced,42,True,5,35.0,35908,31.453548466214677,Senior,High,True
416,E0417,53,Female,Bachelor,Education,Administrator,30,Low,High,False,96677,102075,Unchanged,41,False,4,21.3,5398,5.583541069747717,Senior,High,False
417,E0418,49,Male,High school,Manufacturing,Quality inspector,23,High,Low,False,111926,99116,Unchanged,35,True,9,33.41,-12810,-11.445061915908726,Senior,Low,False
418,E0419,41,Male,High school,It,Data analyst,17,Low,Medium,True,70379,70860,Modified,49,True,9,-19.6,481,0.6834425041560693,Senior,Medium,False
419,E0420,48,Female,High school,Finance,Accountant,24,High,Medium,False,41120,49601,Modified,36,False,6,16.35,8481,20.625,Senior,Medium,False
420,E0421,33,Male,Master,Education,Professor,11,Low,High,False,47438,49963,Unchanged,39,False,8,-11.57,2525,5.322737046249841,Senior,High,False
421,E0422,45,Male,Master,Healthcare,Doctor,21,Medium,High,False,100188,101717,Unchanged,45,False,5,-17.66,1529,1.526130873956961,Senior,High,False
422,E0423,27,Other,Phd,Manufacturing,Quality inspector,3,Medium,High,True,83161,97300,Unchanged,44,True,6,-13.03,14139,17.001960053390412,Mid,High,False
423,E0424,58,Male,Bachelor,Manufacturing,Supervisor,34,Low,Low,False,57734,58693,Unchanged,43,False,3,39.69,959,1.6610662694426162,Senior,Low,False
424,E0425,50,Male,High school,Education,Professor,24,Medium,High,True,50538,60056,Unchanged,47,False,8,3.37,9518,18.833353120424235,Senior,High,False
425,E0426,25,Female,Master,Healthcare,Doctor,0,Low,High,True,33236,33956,Unchanged,47,False,8,11.94,720,2.1663256709592007,Junior,High,False
426,E0427,44,Other,Phd,Education,Teacher,20,Low,High,False,94386,93947,Unchanged,53,False,4,-4.44,-439,-0.4651113512597207,Senior,High,False
427,E0428,42,Female,High school,It,Software engineer,17,Medium,Medium,False,104027,119548,Modified,35,False,6,12.69,15521,14.920164957174581,Senior,Medium,False
428,E0429,45,Male,Master,Retail,Store manager,19,Medium,Medium,False,85778,81073,Modified,38,True,5,29.01,-4705,-5.485089416866796,Senior,Medium,False
429,E0430,38,Other,Phd,Manufacturing,Quality inspector,14,High,Medium,True,50219,49229,Modified,53,False,7,-0.45,-990,-1.971365419462753,Senior,Medium,False
430,E0431,42,Other,Phd,Finance,Accountant,17,High,High,False,110388,119807,Modified,53,True,9,12.58,9419,8.532630358372288,Senior,High,False
431,E0432,48,Female,Master,Finance,Auditor,22,High,High,False,54842,55504,Modified,45,False,9,7.51,662,1.2071040443455745,Senior,High,False
432,E0433,49,Male,Bachelor,Retail,Store manager,23,Low,High,True,31207,30937,Unchanged,46,True,8,32.63,-270,-0.8651905021309322,Senior,High,False
433,E0434,38,Male,Bachelor,Education,Administrator,14,High,Low,True,90011,98115,Unchanged,38,True,8,31.81,8104,9.003344035728967,Senior,Low,False
434,E0435,32,Other,Master,Healthcare,Doctor,10,Medium,High,True,109063,112593,Unchanged,53,True,4,16.35,3530,3.236661379202846,Senior,High,False
435,E0436,38,Other,High school,Healthcare,Technician,14,Low,Medium,True,85220,93495,Modified,53,False,9,4.46,8275,9.710161933818352,Senior,Medium,False
436,E0437,25,Male,Phd,Finance,Auditor,0,High,Medium,True,83410,76760,Modified,54,True,7,-13.44,-6650,-7.972665148063782,Junior,Medium,False
437,E0438,38,Female,Phd,Retail,Cashier,16,Medium,High,False,92320,91353,Unchanged,40,False,5,-5.58,-967,-1.0474436741767763,Senior,High,False
438,E0439,26,Female,Master,Education,Professor,0,Medium,Medium,False,55518,60402,Modified,50,False,4,35.58,4884,8.797146871284989,Junior,Medium,False
439,E0440,53,Other,Phd,Retail,Store manager,27,Low,Medium,False,35845,37938,Modified,44,True,8,21.55,2093,5.8390291532989265,Senior,Medium,False
440,E0441,42,Male,High school,Manufacturing,Supervisor,17,High,Medium,False,41944,40570,Modified,49,False,5,-7.36,-1374,-3.2757962998283423,Senior,Medium,False
441,E0442,40,Other,Master,Finance,Accountant,17,High,High,False,40503,56574,Replaced,41,False,5,-14.61,16071,39.678542330197764,Senior,High,True
442,E0443,22,Male,High school,Healthcare,Technician,0,High,Medium,False,62792,74078,Modified,47,True,7,-15.86,11286,17.973627213657792,Junior,Medium,False
443,E0444,30,Other,High school,Finance,Accountant,8,Medium,Low,False,50131,55645,Unchanged,43,True,4,-13.74,5514,10.999182142785902,Senior,Low,False
444,E0445,35,Other,Bachelor,Healthcare,Technician,10,Medium,Medium,True,38605,35028,Modified,42,False,5,-1.63,-3577,-9.265639165911152,Senior,Medium,False
445,E0446,35,Female,Bachelor,Finance,Investment analyst,10,High,High,False,91388,125074,Replaced,53,True,5,-15.66,33686,36.860419311069286,Senior,High,True
446,E0447,59,Female,Phd,Finance,Accountant,36,Low,High,False,110807,107143,Unchanged,50,False,8,30.52,-3664,-3.306650301876235,Senior,High,False
447,E0448,23,Other,Phd,Finance,Investment analyst,0,Medium,Low,False,76092,83705,Unchanged,36,True,9,-7.33,7613,10.004993954686432,Junior,Low,False
448,E0449,24,Male,Phd,Healthcare,Technician,0,High,Low,True,53782,58399,Unchanged,43,False,8,-6.44,4617,8.584656576549774,Junior,Low,False
449,E0450,34,Other,Bachelor,Retail,Sales associate,8,Medium,Low,False,91202,99806,Unchanged,51,False,9,-12.62,8604,9.434003640271046,Senior,Low,False
450,E0451,44,Male,High school,Finance,Auditor,21,High,High,False,110905,143384,Modified,54,True,4,13.28,32479,29.285424462377712,Senior,High,False
451,E0452,35,Female,Bachelor,Marketing,Seo specialist,12,Medium,Low,True,46237,53022,Unchanged,38,False,7,28.24,6785,14.674394965071263,Senior,Low,False
452,E0453,44,Other,Bachelor,Manufacturing,Quality inspector,21,High,Low,False,104763,115031,Unchanged,52,False,4,-2.94,10268,9.80117026049273,Senior,Low,False
453,E0454,32,Female,Master,Retail,Cashier,10,High,Medium,False,109563,114106,Modified,51,False,4,-13.84,4543,4.14647280560043,Senior,Medium,False
454,E0455,50,Other,Bachelor,Finance,Investment analyst,27,Medium,High,True,80961,79572,Unchanged,52,False,3,22.42,-1389,-1.7156408641197614,Senior,High,False
455,E0456,27,Other,High school,It,Data analyst,1,Medium,Low,True,110811,124359,Unchanged,45,True,3,-1.02,13548,12.226223028399708,Junior,Low,False
456,E0457,22,Female,High school,It,Data analyst,0,Medium,Medium,True,62402,66738,Modified,38,False,6,31.99,4336,6.948495240537163,Junior,Medium,False
457,E0458,39,Other,Phd,Education,Administrator,15,Low,Low,False,73148,74125,Unchanged,46,True,5,2.64,977,1.335648274730683,Senior,Low,False
458,E0459,58,Female,Master,Retail,Store manager,36,Medium,Low,False,62441,56989,Unchanged,44,True,9,13.88,-5452,-8.731442481702727,Senior,Low,False
459,E0460,44,Female,Master,Healthcare,Doctor,18,High,Medium,False,42180,55901,Modified,46,True,5,-9.03,13721,32.529634898055946,Senior,Medium,False
460,E0461,38,Male,Phd,It,Software engineer,13,High,High,False,84040,82260,Replaced,53,True,5,-13.68,-1780,-2.1180390290337936,Senior,High,True
461,E0462,33,Female,Bachelor,Manufacturing,Supervisor,7,High,Medium,False,75968,77185,Modified,43,True,5,37.41,1217,1.6019903117101937,Senior,Medium,False
462,E0463,39,Female,High school,Education,Teacher,15,High,High,False,35355,28345,Modified,47,True,4,31.54,-7010,-19.827464290765096,Senior,High,False
463,E0464,58,Male,Master,Retail,Store manager,32,Medium,Low,False,56654,63219,Unchanged,40,True,5,2.27,6565,11.58788435061955,Senior,Low,False
464,E0465,43,Male,High school,Manufacturing,Machine operator,21,Low,Low,True,57747,60730,Unchanged,36,False,3,16.47,2983,5.165636310111347,Senior,Low,False
465,E0466,45,Male,Bachelor,Manufacturing,Supervisor,20,High,High,True,77377,96122,Modified,46,False,7,38.48,18745,24.225545058609146,Senior,High,False
466,E0467,49,Male,High school,Manufacturing,Machine operator,27,High,Low,False,104083,88595,Unchanged,47,True,3,-17.42,-15488,-14.880431962952645,Senior,Low,False
467,E0468,31,Other,High school,It,Data analyst,5,Low,High,False,92507,89267,Unchanged,47,False,7,21.28,-3240,-3.5024376533667723,Mid,High,False
468,E0469,59,Other,High school,Finance,Investment analyst,36,Medium,Low,False,72965,81196,Unchanged,37,True,3,36.93,8231,11.280751045021585,Senior,Low,False
469,E0470,24,Male,Bachelor,Finance,Auditor,2,High,Low,True,66021,63380,Unchanged,38,True,4,23.49,-2641,-4.000242347131973,Junior,Low,False
470,E0471,47,Male,Bachelor,Finance,Accountant,25,High,High,True,50307,53976,Modified,51,False,6,-3.96,3669,7.293219631462819,Senior,High,False
471,E0472,33,Male,High school,Healthcare,Technician,9,Low,Medium,True,62245,59290,Modified,43,True,4,26.21,-2955,-4.747369266607759,Senior,Medium,False
472,E0473,58,Male,Master,Finance,Auditor,32,Low,Medium,True,59336,63250,Modified,54,False,3,11.08,3914,6.596332749089928,Senior,Medium,False
473,E0474,33,Female,Master,Manufacturing,Machine operator,9,Medium,Low,False,85668,93715,Unchanged,49,True,5,38.45,8047,9.393239015735164,Senior,Low,False
474,E0475,30,Other,High school,Education,Professor,6,Medium,Low,False,118839,134877,Unchanged,42,False,7,26.82,16038,13.495569636230531,Mid,Low,False
475,E0476,43,Female,Master,Finance,Investment analyst,19,Medium,Medium,False,75671,69595,Modified,36,True,4,-6.31,-6076,-8.029496108152397,Senior,Medium,False
476,E0477,49,Female,Master,It,Data analyst,23,Low,Medium,False,63870,61248,Modified,38,True,4,20.3,-2622,-4.105213715359324,Senior,Medium,False
477,E0478,30,Male,High school,Education,Administrator,4,Medium,High,False,56423,67560,Unchanged,49,False,6,12.67,11137,19.73840455133545,Mid,High,False
478,E0479,43,Female,Bachelor,Manufacturing,Supervisor,21,Medium,Low,True,68458,76514,Unchanged,44,False,5,17.18,8056,11.76779923456718,Senior,Low,False
479,E0480,40,Female,High school,Retail,Cashier,16,Low,Low,False,85751,89643,Unchanged,45,False,5,3.29,3892,4.538722580494689,Senior,Low,False
480,E0481,22,Female,Phd,Manufacturing,Quality inspector,0,Low,Low,True,62430,67900,Unchanged,49,False,9,-2.57,5470,8.761813230818518,Junior,Low,False
481,E0482,47,Other,Master,Education,Professor,25,High,Low,False,46241,37210,Unchanged,45,True,8,17.86,-9031,-19.530286974762657,Senior,Low,False
482,E0483,54,Female,High school,Finance,Accountant,31,High,Medium,True,57045,63764,Modified,48,True,7,-5.49,6719,11.778420545183627,Senior,Medium,False
483,E0484,27,Male,Bachelor,Healthcare,Technician,4,High,Medium,False,95101,107268,Modified,37,False,8,5.97,12167,12.793766627059652,Mid,Medium,False
484,E0485,27,Other,Bachelor,Education,Administrator,1,Low,Low,True,73527,72157,Unchanged,35,False,3,-17.0,-1370,-1.863261114964571,Junior,Low,False
485,E0486,32,Male,Master,Finance,Investment analyst,6,Low,Low,True,77153,83176,Unchanged,40,False,3,-5.48,6023,7.80656617370679,Mid,Low,False
486,E0487,37,Other,Phd,Education,Administrator,12,Low,Medium,True,89234,91441,Modified,46,True,5,4.4,2207,2.4732725194432614,Senior,Medium,False
487,E0488,58,Other,Bachelor,Marketing,Digital marketer,36,High,High,True,93761,108400,Replaced,52,True,4,-15.62,14639,15.613101396102858,Senior,High,True
488,E0489,27,Male,High school,It,Data analyst,2,High,High,True,96155,122651,Modified,36,False,3,34.47,26496,27.555509333887997,Junior,High,False
489,E0490,37,Female,Master,Retail,Cashier,14,Medium,Low,True,80081,90266,Unchanged,42,False,8,-10.3,10185,12.71837264769421,Senior,Low,False
490,E0491,53,Female,Bachelor,Retail,Store manager,28,High,Low,True,93069,110228,Unchanged,54,True,4,20.0,17159,18.43685867474669,Senior,Low,False
491,E0492,43,Other,Master,Healthcare,Nurse,17,High,Medium,False,57691,46571,Modified,39,True,6,-19.46,-11120,-19.27510356901423,Senior,Medium,False
492,E0493,49,Female,Master,Healthcare,Technician,26,High,Low,False,49710,58688,Unchanged,42,False,4,-6.68,8978,18.060752363709515,Senior,Low,False
493,E0494,29,Other,Phd,Retail,Sales associate,5,Low,High,True,57413,58234,Unchanged,37,True,6,-18.25,821,1.4299897235817671,Mid,High,False
494,E0495,34,Female,Bachelor,Manufacturing,Quality inspector,8,Medium,Low,True,42297,49505,Unchanged,36,True,5,-10.77,7208,17.041397735063953,Senior,Low,False
495,E0496,22,Male,Master,It,Software engineer,0,Low,High,True,83574,84055,Unchanged,37,True,5,3.55,481,0.5755378466987341,Junior,High,False
496,E0497,48,Male,High school,Healthcare,Nurse,25,Medium,Medium,True,49149,53405,Modified,54,False,7,39.55,4256,8.65938269344239,Senior,Medium,False
497,E0498,48,Female,Bachelor,Marketing,Digital marketer,25,Medium,Low,True,93811,108274,Unchanged,47,False,6,34.13,14463,15.417168562322114,Senior,Low,False
498,E0499,44,Other,Phd,Retail,Cashier,21,Low,Low,False,42602,41883,Unchanged,35,True,3,-17.66,-719,-1.68771419182198,Senior,Low,False
499,E0500,43,Male,High school,Marketing,Content creator,20,Medium,Medium,False,94503,93061,Modified,39,True,5,37.03,-1442,-1.5258774853708348,Senior,Medium,False
500,E0501,42,Male,Phd,Manufacturing,Supervisor,18,High,High,True,89979,112947,Modified,41,False,9,-3.05,22968,25.52595605641316,Senior,High,False
501,E0502,28,Female,Master,Manufacturing,Machine operator,5,Medium,Medium,False,75607,77140,Modified,44,False,6,25.79,1533,2.027590037959448,Mid,Medium,False
502,E0503,36,Female,Bachelor,Finance,Accountant,13,High,Low,False,50700,48326,Unchanged,50,True,9,-2.26,-2374,-4.682445759368836,Senior,Low,False
503,E0504,49,Female,Bachelor,Healthcare,Technician,27,High,Medium,False,50954,42872,Modified,39,True,3,36.45,-8082,-15.861365152882993,Senior,Medium,False
504,E0505,24,Female,Bachelor,Marketing,Content creator,0,High,Medium,True,75095,62222,Modified,44,True,6,23.6,-12873,-17.14228643717957,Junior,Medium,False
505,E0506,24,Male,Bachelor,Manufacturing,Quality inspector,1,Low,High,False,57056,58816,Unchanged,47,False,7,-3.05,1760,3.084688726864835,Junior,High,False
506,E0507,52,Male,Phd,Marketing,Digital marketer,26,Low,Low,False,87149,89746,Unchanged,40,False,7,15.43,2597,2.979953872104098,Senior,Low,False
507,E0508,31,Female,High school,Manufacturing,Supervisor,5,Medium,Low,True,107116,110462,Unchanged,49,True,6,32.96,3346,3.123716344897121,Mid,Low,False
508,E0509,49,Female,Phd,Marketing,Content creator,24,Low,High,False,115029,121902,Unchanged,43,False,7,18.44,6873,5.975014996218345,Senior,High,False
509,E0510,34,Male,High school,Healthcare,Nurse,11,Medium,Low,True,87649,102445,Unchanged,50,False,5,29.08,14796,16.880968408082236,Senior,Low,False
510,E0511,35,Other,Bachelor,Retail,Sales associate,13,Low,Medium,False,116511,126448,Modified,41,True,8,28.4,9937,8.528808438688193,Senior,Medium,False
511,E0512,42,Male,Phd,Retail,Store manager,16,High,Low,True,48375,57885,Unchanged,44,False,4,-15.29,9510,19.65891472868217,Senior,Low,False
512,E0513,53,Male,Phd,Finance,Investment analyst,29,High,Low,True,60881,77220,Unchanged,45,True,4,15.03,16339,26.83760122205614,Senior,Low,False
513,E0514,43,Other,Bachelor,Manufacturing,Supervisor,21,Low,Low,False,98368,102325,Unchanged,39,True,8,-2.21,3957,4.022649642160052,Senior,Low,False
514,E0515,22,Other,High school,Manufacturing,Machine operator,0,Medium,Low,True,32610,32961,Unchanged,36,True,9,35.98,351,1.076356945722171,Junior,Low,False
515,E0516,53,Male,High school,Manufacturing,Supervisor,29,High,High,False,119285,161344,Modified,41,True,7,21.68,42059,35.259253049419456,Senior,High,False
516,E0517,38,Male,Master,Finance,Investment analyst,15,Low,Medium,False,43050,41232,Modified,40,True,8,-11.47,-1818,-4.2229965156794425,Senior,Medium,False
517,E0518,41,Female,High school,It,Data analyst,16,High,Medium,True,65060,85483,Modified,46,True,9,22.07,20423,31.39102367045804,Senior,Medium,False
518,E0519,22,Other,Master,Retail,Sales associate,0,High,High,False,105225,94473,Replaced,38,False,4,27.17,-10752,-10.218104062722738,Junior,High,True
519,E0520,40,Other,Bachelor,Healthcare,Doctor,16,Medium,Medium,False,64675,60620,Modified,35,True,8,27.85,-4055,-6.269810591418631,Senior,Medium,False
520,E0521,55,Male,Bachelor,Healthcare,Technician,29,High,Low,True,75814,71339,Unchanged,53,True,8,22.29,-4475,-5.902603740733901,Senior,Low,False
521,E0522,54,Other,Bachelor,Education,Teacher,32,Medium,High,True,40578,41749,Unchanged,50,True,8,-1.47,1171,2.8858001872936074,Senior,High,False
522,E0523,34,Male,High school,Finance,Auditor,10,Low,Medium,True,88002,88836,Modified,44,True,3,-12.1,834,0.9477057339605919,Senior,Medium,False
523,E0524,41,Other,High school,Retail,Sales associate,16,Medium,High,False,57798,57506,Unchanged,39,True,9,28.98,-292,-0.5052077926571853,Senior,High,False
524,E0525,35,Female,Master,It,Software engineer,11,Medium,Medium,False,41889,48166,Modified,52,True,6,34.37,6277,14.98484088901621,Senior,Medium,False
525,E0526,37,Female,Bachelor,It,Data analyst,12,High,Medium,False,30112,24447,Modified,39,False,5,3.44,-5665,-18.813097768331563,Senior,Medium,False
526,E0527,33,Male,Phd,Manufacturing,Quality inspector,11,High,Medium,True,49552,52442,Modified,39,False,8,32.68,2890,5.832257022925412,Senior,Medium,False
527,E0528,54,Other,Bachelor,It,Data analyst,31,Low,Medium,True,111938,117717,Modified,49,False,9,-15.67,5779,5.162679340349122,Senior,Medium,False
528,E0529,25,Male,Master,It,Devops engineer,3,Low,High,False,76220,81382,Unchanged,48,True,9,24.01,5162,6.772500655995802,Mid,High,False
529,E0530,40,Male,High school,Marketing,Content creator,14,Low,Low,False,52931,52490,Unchanged,44,False,3,-3.42,-441,-0.8331601518958645,Senior,Low,False
530,E0531,29,Male,Bachelor,Healthcare,Technician,6,Low,High,False,84845,87204,Unchanged,40,False,4,-9.24,2359,2.780364193529377,Mid,High,False
531,E0532,26,Other,Master,Marketing,Content creator,1,Low,High,False,55917,57780,Unchanged,54,False,3,-8.61,1863,3.3317238049251565,Junior,High,False
532,E0533,48,Female,Bachelor,Retail,Cashier,26,Low,Medium,True,58230,57626,Modified,37,True,4,-7.68,-604,-1.0372660140820884,Senior,Medium,False
533,E0534,45,Other,High school,Healthcare,Technician,22,Low,Medium,False,118229,129493,Modified,41,True,5,16.22,11264,9.52727334241176,Senior,Medium,False
534,E0535,50,Female,Phd,Manufacturing,Supervisor,25,Low,Low,True,111882,113510,Unchanged,53,False,6,21.75,1628,1.4551044850824975,Senior,Low,False
535,E0536,56,Male,Master,Healthcare,Nurse,33,Medium,Medium,True,60109,65668,Modified,40,True,9,22.23,5559,9.248199104959324,Senior,Medium,False
536,E0537,48,Male,Phd,Education,Professor,25,Medium,High,True,42360,47103,Unchanged,43,True,5,16.6,4743,11.196883852691219,Senior,High,False
537,E0538,57,Other,Master,Retail,Sales associate,33,Medium,Medium,False,81707,73585,Modified,53,False,4,-9.56,-8122,-9.94039678362931,Senior,Medium,False
538,E0539,46,Male,Bachelor,Finance,Accountant,23,High,High,False,92260,126104,Modified,50,False,7,24.19,33844,36.68328636462172,Senior,High,False
539,E0540,43,Other,Phd,Healthcare,Nurse,18,Medium,Low,True,114381,126280,Unchanged,51,True,7,4.49,11899,10.40295153915423,Senior,Low,False
540,E0541,25,Other,Phd,Retail,Store manager,3,High,Medium,True,95618,131431,Modified,47,True,8,3.94,35813,37.45424501662867,Mid,Medium,False
541,E0542,53,Female,Bachelor,Marketing,Content creator,31,Medium,Low,False,112289,126083,Unchanged,54,True,5,-0.38,13794,12.284373358031509,Senior,Low,False
542,E0543,42,Other,Bachelor,Finance,Investment analyst,20,High,Medium,True,90686,117016,Modified,53,True,6,10.76,26330,29.034250049621775,Senior,Medium,False
543,E0544,38,Male,Bachelor,Retail,Cashier,14,Medium,Medium,False,105945,117626,Modified,41,False,3,-7.76,11681,11.025532115720422,Senior,Medium,False
544,E0545,44,Female,Bachelor,Finance,Investment analyst,19,High,Medium,False,84318,68947,Modified,48,True,7,1.36,-15371,-18.22979672193363,Senior,Medium,False
545,E0546,55,Other,Phd,It,Data analyst,31,Low,Low,True,103788,105211,Unchanged,35,False,5,-7.08,1423,1.3710640921879216,Senior,Low,False
546,E0547,37,Male,Master,Healthcare,Doctor,14,Medium,High,True,64397,76339,Unchanged,40,True,9,30.31,11942,18.54434212773887,Senior,High,False
547,E0548,40,Male,Master,Education,Administrator,15,High,Low,True,37610,36481,Unchanged,37,True,4,27.21,-1129,-3.0018612071257644,Senior,Low,False
548,E0549,59,Male,Master,Finance,Accountant,37,Medium,Medium,False,31014,34778,Modified,53,True,8,11.29,3764,12.13645450441736,Senior,Medium,False
549,E0550,38,Male,High school,Marketing,Seo specialist,16,Medium,High,False,73516,79054,Unchanged,51,True,6,12.3,5538,7.533054029054901,Senior,High,False
550,E0551,49,Female,Bachelor,Manufacturing,Machine operator,27,Low,High,False,116664,111443,Unchanged,36,True,7,27.24,-5221,-4.4752451484605364,Senior,High,False
551,E0552,59,Male,Master,Finance,Investment analyst,36,High,Low,True,79831,85062,Unchanged,39,False,9,18.96,5231,6.552592351342211,Senior,Low,False
552,E0553,49,Male,Master,Education,Administrator,26,High,Medium,True,54417,59861,Modified,47,False,6,27.11,5444,10.00422662035761,Senior,Medium,False
553,E0554,43,Other,Phd,Finance,Investment analyst,17,Low,Medium,True,84122,86112,Modified,49,False,3,35.63,1990,2.3656118494567413,Senior,Medium,False
554,E0555,24,Male,Bachelor,Education,Teacher,1,Low,High,True,86704,94386,Unchanged,39,True,3,-13.29,7682,8.860029525742757,Junior,High,False
555,E0556,31,Male,Phd,Education,Professor,6,Low,High,True,48452,51456,Unchanged,49,False,6,23.23,3004,6.199950466441013,Mid,High,False
556,E0557,40,Other,Master,Retail,Store manager,16,High,Medium,True,42356,34087,Modified,44,True,9,35.47,-8269,-19.522617810935877,Senior,Medium,False
557,E0558,46,Other,Master,Healthcare,Doctor,20,High,Low,False,62828,63599,Unchanged,47,True,9,29.71,771,1.2271598650283313,Senior,Low,False
558,E0559,53,Other,Bachelor,Education,Professor,27,Medium,High,True,92061,92643,Unchanged,41,False,3,10.34,582,0.6321895265095969,Senior,High,False
559,E0560,42,Female,High school,It,Software engineer,16,High,Medium,False,30136,25512,Modified,41,True,8,29.73,-4624,-15.343774887178126,Senior,Medium,False
560,E0561,26,Female,Master,It,Devops engineer,3,Medium,Medium,True,62854,72368,Modified,37,False,8,31.53,9514,15.1366659242053,Mid,Medium,False
561,E0562,43,Other,Master,Retail,Store manager,21,High,Low,True,31700,33179,Unchanged,54,True,9,23.32,1479,4.665615141955836,Senior,Low,False
562,E0563,44,Female,Bachelor,Manufacturing,Machine operator,18,Medium,Low,False,35520,39860,Unchanged,39,False,8,31.78,4340,12.218468468468469,Senior,Low,False
563,E0564,39,Male,Bachelor,Finance,Accountant,17,Medium,High,True,94925,85977,Unchanged,44,True,5,-10.06,-8948,-9.426389254674742,Senior,High,False
564,E0565,35,Male,Master,It,Devops engineer,12,Medium,Medium,False,73939,69171,Modified,45,True,8,-7.29,-4768,-6.4485589472402935,Senior,Medium,False
565,E0566,40,Male,Phd,Healthcare,Technician,15,Medium,High,False,84935,92145,Unchanged,49,False,3,13.41,7210,8.488844410431506,Senior,High,False
566,E0567,54,Other,Bachelor,Education,Teacher,30,High,Medium,False,110201,115393,Modified,52,False,4,25.22,5192,4.7113910037114,Senior,Medium,False
567,E0568,34,Female,Bachelor,Healthcare,Nurse,12,Medium,High,False,73937,67034,Unchanged,50,False,3,36.71,-6903,-9.336326872878262,Senior,High,False
568,E0569,50,Other,High school,Education,Administrator,27,High,Low,False,101696,93941,Unchanged,51,True,5,3.51,-7755,-7.625668659534298,Senior,Low,False
569,E0570,28,Female,Bachelor,Finance,Investment analyst,5,High,High,True,30192,24481,Modified,37,False,9,27.57,-5711,-18.915606783253843,Mid,High,False
570,E0571,50,Female,Phd,Marketing,Seo specialist,24,Low,High,True,60698,63932,Unchanged,43,True,3,-4.8,3234,5.328017397607828,Senior,High,False
571,E0572,50,Female,Phd,Manufacturing,Machine operator,28,Low,High,False,44671,43800,Unchanged,43,True,9,-12.36,-871,-1.9498108392469387,Senior,High,False
572,E0573,35,Other,Master,Marketing,Seo specialist,9,Low,Low,True,34434,36950,Unchanged,49,False,5,4.27,2516,7.306731718650171,Senior,Low,False
573,E0574,32,Male,High school,Manufacturing,Supervisor,6,Low,Low,False,73949,74553,Unchanged,53,False,4,28.21,604,0.8167791315636451,Mid,Low,False
574,E0575,53,Female,Master,Finance,Auditor,28,High,Medium,False,85480,106495,Modified,54,False,3,30.88,21015,24.5846981750117,Senior,Medium,False
575,E0576,39,Other,Bachelor,It,Software engineer,16,Medium,High,True,36476,41624,Unchanged,44,False,7,6.01,5148,14.11338962605549,Senior,High,False
576,E0577,24,Female,Phd,Manufacturing,Quality inspector,0,Low,High,False,103933,104544,Unchanged,38,False,5,-15.88,611,0.5878787295661628,Junior,High,False
577,E0578,32,Male,Phd,Marketing,Digital marketer,9,Low,Low,True,38026,38287,Unchanged,51,False,3,29.88,261,0.6863724819860095,Senior,Low,False
578,E0579,49,Other,Bachelor,Manufacturing,Machine operator,24,Low,High,True,47889,51045,Unchanged,38,True,3,12.91,3156,6.59023992983775,Senior,High,False
579,E0580,58,Female,Phd,Finance,Investment analyst,32,Medium,High,False,89197,101764,Unchanged,51,False,5,11.08,12567,14.089038869020259,Senior,High,False
580,E0581,58,Male,Master,It,Software engineer,34,High,Low,True,119791,147096,Unchanged,43,False,9,3.2,27305,22.793865983254168,Senior,Low,False
581,E0582,49,Other,High school,Retail,Store manager,23,High,Low,False,107241,144232,Unchanged,37,True,7,25.52,36991,34.49333743624173,Senior,Low,False
582,E0583,47,Other,Master,Marketing,Digital marketer,22,High,Low,True,96025,110167,Unchanged,44,True,6,17.94,14142,14.7274147357459,Senior,Low,False
583,E0584,34,Female,Master,Healthcare,Doctor,10,Medium,Low,False,62821,63817,Unchanged,42,True,7,15.31,996,1.5854570923735694,Senior,Low,False
584,E0585,23,Male,Bachelor,Marketing,Digital marketer,0,Medium,Low,True,71609,75341,Unchanged,51,False,4,-8.72,3732,5.211635408956974,Junior,Low,False
585,E0586,23,Male,Master,Manufacturing,Machine operator,0,Medium,High,False,102075,105459,Unchanged,51,True,8,7.05,3384,3.3152094048493757,Junior,High,False
586,E0587,59,Female,Bachelor,Finance,Accountant,37,High,High,False,83442,113768,Modified,35,True,8,18.18,30326,36.343807674792075,Senior,High,False
587,E0588,53,Other,Phd,Retail,Sales associate,28,Low,High,False,74948,79009,Unchanged,38,True,9,-6.88,4061,5.418423440251908,Senior,High,False
588,E0589,43,Male,Master,Retail,Store manager,20,Low,Medium,False,82198,87665,Modified,40,True,6,29.3,5467,6.65101340665223,Senior,Medium,False
589,E0590,58,Other,High school,Marketing,Seo specialist,33,Low,Medium,False,30203,29375,Modified,39,False,9,-6.97,-828,-2.7414495248816344,Senior,Medium,False
590,E0591,43,Male,Phd,Education,Professor,17,Medium,Medium,False,50884,59358,Modified,48,True,4,29.46,8474,16.653564971307286,Senior,Medium,False
591,E0592,27,Male,Bachelor,It,Software engineer,5,Low,Medium,True,32103,31466,Modified,41,False,7,10.85,-637,-1.9842382331869295,Mid,Medium,False
592,E0593,59,Female,Phd,Healthcare,Nurse,36,High,Medium,True,111159,105534,Modified,40,True,5,14.6,-5625,-5.060319002509918,Senior,Medium,False
593,E0594,41,Male,Phd,Education,Teacher,16,Medium,Low,True,71258,84089,Unchanged,44,False,5,28.08,12831,18.006399281484185,Senior,Low,False
594,E0595,48,Other,Phd,Manufacturing,Machine operator,24,Medium,Medium,False,58302,57789,Modified,37,False,6,-0.91,-513,-0.8799012040753319,Senior,Medium,False
595,E0596,32,Male,High school,It,Software engineer,8,Low,Medium,False,100130,101221,Modified,50,False,7,-19.18,1091,1.089583541396185,Senior,Medium,False
596,E0597,56,Other,Phd,Finance,Investment analyst,33,Low,Low,True,82656,87974,Unchanged,49,False,5,-17.66,5318,6.433894696089817,Senior,Low,False
597,E0598,56,Other,Master,Marketing,Content creator,32,Medium,Medium,True,76287,78151,Modified,53,False,3,4.14,1864,2.4434045119089753,Senior,Medium,False
598,E0599,25,Female,Bachelor,Healthcare,Doctor,0,Low,Medium,False,101196,107622,Modified,44,False,7,6.54,6426,6.350053361792956,Junior,Medium,False
599,E0600,46,Other,Bachelor,Finance,Accountant,21,Medium,High,True,114178,132506,Unchanged,36,True,9,2.75,18328,16.052129131706632,Senior,High,False
600,E0601,49,Female,High school,Retail,Store manager,23,High,Medium,True,98798,91583,Modified,46,False,4,39.74,-7215,-7.302779408490051,Senior,Medium,False
601,E0602,25,Male,High school,Manufacturing,Quality inspector,3,Medium,High,False,97753,108948,Unchanged,45,False,5,15.59,11195,11.452333943715283,Mid,High,False
602,E0603,39,Female,Phd,Manufacturing,Machine operator,15,Low,Low,True,76646,82742,Unchanged,45,False,7,-13.4,6096,7.953448320851708,Senior,Low,False
603,E0604,26,Female,Master,Finance,Auditor,4,Low,Medium,False,30570,32238,Modified,44,False,8,18.92,1668,5.456329735034347,Mid,Medium,False
604,E0605,40,Male,Master,Marketing,Digital marketer,18,Low,Low,True,94575,101340,Unchanged,42,False,6,4.83,6765,7.153053132434575,Senior,Low,False
605,E0606,43,Male,High school,Marketing,Digital marketer,20,High,Medium,False,53470,57306,Modified,52,True,6,36.92,3836,7.174116326912287,Senior,Medium,False
606,E0607,54,Female,High school,Marketing,Digital marketer,30,Medium,High,False,116795,121053,Unchanged,40,True,5,21.14,4258,3.6457040113018535,Senior,High,False
607,E0608,49,Other,Phd,Education,Teacher,26,High,High,True,35213,46796,Replaced,51,False,8,15.07,11583,32.89410161020078,Senior,High,True
608,E0609,23,Other,Phd,Education,Professor,0,Low,Low,True,53989,56012,Unchanged,42,True,5,15.57,2023,3.7470595862120057,Junior,Low,False
609,E0610,43,Other,High school,Finance,Auditor,18,Low,High,False,53559,51415,Unchanged,51,True,6,-6.15,-2144,-4.003062043727478,Senior,High,False
610,E0611,37,Male,High school,It,Devops engineer,13,Medium,Medium,True,114486,120264,Modified,50,True,5,38.57,5778,5.0469052984644405,Senior,Medium,False
611,E0612,44,Female,Master,Healthcare,Doctor,22,Low,Low,True,94418,92537,Unchanged,51,True,9,-7.03,-1881,-1.9922048761888622,Senior,Low,False
612,E0613,52,Other,High school,Marketing,Seo specialist,30,High,Low,False,86583,118139,Unchanged,48,False,6,26.55,31556,36.44595359366157,Senior,Low,False
613,E0614,33,Female,Bachelor,Marketing,Seo specialist,11,Low,Medium,False,65903,71424,Modified,48,False,5,-1.64,5521,8.377463848383229,Senior,Medium,False
614,E0615,55,Female,Phd,Manufacturing,Quality inspector,32,Medium,High,False,113014,108859,Unchanged,54,True,4,-6.24,-4155,-3.6765356504503868,Senior,High,False
615,E0616,59,Female,Bachelor,Finance,Auditor,36,Medium,Medium,False,75619,78003,Modified,39,False,8,11.79,2384,3.1526468215660084,Senior,Medium,False
616,E0617,29,Female,Master,It,Devops engineer,4,Medium,Low,True,105831,100187,Unchanged,42,False,7,-7.56,-5644,-5.333030964462209,Mid,Low,False
617,E0618,51,Female,Master,Manufacturing,Machine operator,26,Medium,High,True,112569,109973,Unchanged,47,False,6,1.32,-2596,-2.3061411223338575,Senior,High,False
618,E0619,58,Female,Master,Finance,Auditor,35,High,Medium,True,41349,55363,Modified,40,False,9,26.61,14014,33.89199255121043,Senior,Medium,False
619,E0620,45,Other,Bachelor,Education,Administrator,22,High,High,True,119462,146222,Replaced,39,False,8,17.03,26760,22.400428588170296,Senior,High,True
620,E0621,31,Other,Master,Healthcare,Doctor,7,High,High,True,115103,104115,Replaced,35,False,9,32.52,-10988,-9.546232504800049,Senior,High,True
621,E0622,52,Female,High school,Manufacturing,Quality inspector,29,Low,Medium,True,60134,57641,Modified,43,False,8,5.12,-2493,-4.1457411780357205,Senior,Medium,False
622,E0623,34,Other,Bachelor,Marketing,Digital marketer,12,High,Medium,False,63455,71598,Modified,51,False,9,39.51,8143,12.832716098022221,Senior,Medium,False
623,E0624,36,Male,High school,Finance,Investment analyst,10,High,Low,True,73856,92991,Unchanged,52,True,7,36.43,19135,25.908524696707108,Senior,Low,False
624,E0625,37,Other,Master,Marketing,Seo specialist,15,High,Medium,True,95982,109011,Modified,41,True,3,21.22,13029,13.57442020378821,Senior,Medium,False
625,E0626,56,Female,Phd,It,Software engineer,33,Low,High,True,41151,41119,Unchanged,42,False,7,7.24,-32,-0.07776238730529027,Senior,High,False
626,E0627,38,Female,Bachelor,Manufacturing,Quality inspector,16,High,Medium,True,96788,107056,Modified,48,False,9,24.17,10268,10.608753151217092,Senior,Medium,False
627,E0628,25,Female,Phd,Retail,Sales associate,0,High,Medium,True,113494,154283,Modified,40,False,9,24.5,40789,35.939344811179446,Junior,Medium,False
628,E0629,59,Female,Phd,Retail,Sales associate,34,Low,Low,True,111972,111053,Unchanged,47,True,8,-6.88,-919,-0.8207408995105919,Senior,Low,False
629,E0630,55,Male,Phd,Education,Administrator,29,Medium,High,True,93909,111843,Unchanged,40,True,8,14.28,17934,19.09721112992365,Senior,High,False
630,E0631,53,Other,High school,Finance,Accountant,29,Low,High,False,116402,126191,Unchanged,39,True,8,0.25,9789,8.409649318740229,Senior,High,False
631,E0632,46,Male,Bachelor,Education,Teacher,24,Medium,High,True,59437,62766,Unchanged,38,False,7,11.32,3329,5.600888335548564,Senior,High,False
632,E0633,41,Male,Bachelor,Manufacturing,Machine operator,16,High,High,True,30336,27036,Replaced,49,True,7,7.5,-3300,-10.878164556962025,Senior,High,True
633,E0634,38,Other,Bachelor,Retail,Store manager,15,Medium,Low,False,101386,92465,Unchanged,42,True,5,-2.51,-8921,-8.799045233069656,Senior,Low,False
634,E0635,47,Other,Master,Retail,Cashier,23,Low,Medium,False,84028,85726,Modified,50,False,9,7.98,1698,2.020754986433094,Senior,Medium,False
635,E0636,23,Other,Master,Manufacturing,Machine operator,0,Medium,High,False,86830,93695,Unchanged,52,True,7,39.97,6865,7.906253598986525,Junior,High,False
636,E0637,51,Female,Bachelor,Retail,Store manager,28,High,High,False,60676,76314,Replaced,51,False,5,-17.27,15638,25.772958006460545,Senior,High,True
637,E0638,36,Female,Bachelor,Education,Professor,14,High,High,True,61923,68481,Modified,54,True,8,10.08,6558,10.590572162201443,Senior,High,False
638,E0639,54,Female,Bachelor,Education,Professor,32,High,Low,True,61027,82815,Unchanged,46,True,5,39.78,21788,35.7022301604208,Senior,Low,False
639,E0640,32,Female,High school,It,Devops engineer,9,Low,Low,False,99327,97898,Unchanged,35,True,7,-17.02,-1429,-1.4386823320949993,Senior,Low,False
640,E0641,35,Other,Phd,Retail,Cashier,13,Low,Low,False,84200,82378,Unchanged,46,False,3,35.34,-1822,-2.163895486935867,Senior,Low,False
641,E0642,32,Male,High school,Healthcare,Technician,8,Medium,Low,False,52800,50858,Unchanged,42,False,9,13.39,-1942,-3.678030303030303,Senior,Low,False
642,E0643,27,Male,Master,Healthcare,Technician,4,Medium,High,True,55068,63221,Unchanged,43,False,3,11.48,8153,14.80533159003414,Mid,High,False
643,E0644,56,Male,Bachelor,Healthcare,Doctor,32,Medium,Low,False,53383,48526,Unchanged,42,True,5,37.69,-4857,-9.09840211303224,Senior,Low,False
644,E0645,49,Female,Bachelor,It,Data analyst,25,High,High,True,87616,104440,Modified,36,False,8,-8.46,16824,19.20197224251278,Senior,High,False
645,E0646,58,Female,Phd,Marketing,Digital marketer,34,Medium,Medium,True,86563,97099,Modified,45,True,6,-3.35,10536,12.171482041980985,Senior,Medium,False
646,E0647,34,Female,High school,Education,Administrator,9,Medium,Low,True,86889,96865,Unchanged,48,True,5,22.37,9976,11.481315241284857,Senior,Low,False
647,E0648,56,Male,Bachelor,Manufacturing,Machine operator,32,High,Low,True,100427,96071,Unchanged,42,False,3,0.6,-4356,-4.337478964820217,Senior,Low,False
648,E0649,33,Other,Bachelor,It,Software engineer,10,Low,Medium,True,78003,76425,Modified,49,False,6,-10.11,-1578,-2.0229991154186377,Senior,Medium,False
649,E0650,52,Female,High school,Education,Professor,26,High,Medium,False,35698,33841,Modified,44,False,3,8.26,-1857,-5.2019720992772704,Senior,Medium,False
650,E0651,47,Male,Bachelor,Education,Teacher,22,Medium,High,False,74041,70572,Unchanged,37,True,4,-2.34,-3469,-4.685241960535379,Senior,High,False
651,E0652,48,Female,High school,Marketing,Content creator,26,Medium,High,True,79422,82497,Unchanged,46,False,4,31.9,3075,3.871723200120873,Senior,High,False
652,E0653,55,Female,Bachelor,It,Devops engineer,32,Low,Medium,True,107963,117288,Modified,50,False,3,-1.17,9325,8.637218306271594,Senior,Medium,False
653,E0654,46,Male,Bachelor,Finance,Accountant,23,Low,High,True,34765,37929,Unchanged,54,False,3,16.23,3164,9.101107435639292,Senior,High,False
654,E0655,43,Other,Bachelor,Retail,Cashier,17,Medium,High,True,36589,38262,Unchanged,49,True,4,-12.98,1673,4.572412473694279,Senior,High,False
655,E0656,36,Male,Master,Manufacturing,Quality inspector,14,High,Medium,True,61508,70744,Modified,40,True,3,3.41,9236,15.015932886778954,Senior,Medium,False
656,E0657,44,Other,Bachelor,It,Software engineer,19,Low,Low,True,55105,53224,Unchanged,42,False,9,32.38,-1881,-3.413483349968242,Senior,Low,False
657,E0658,24,Other,Bachelor,Manufacturing,Supervisor,1,Medium,Low,False,40377,40297,Unchanged,45,True,7,-19.35,-80,-0.19813260024271243,Junior,Low,False
658,E0659,26,Male,High school,Healthcare,Nurse,3,Medium,High,False,90652,83644,Unchanged,47,False,8,1.69,-7008,-7.730662313021224,Mid,High,False
659,E0660,50,Female,High school,It,Devops engineer,24,Medium,Medium,True,46968,54891,Modified,42,False,6,27.01,7923,16.868932038834952,Senior,Medium,False
660,E0661,51,Female,Phd,Manufacturing,Supervisor,27,Medium,Medium,True,48395,46794,Modified,47,True,5,32.39,-1601,-3.3081929951441262,Senior,Medium,False
661,E0662,29,Other,Master,Manufacturing,Machine operator,3,High,High,False,92901,97929,Modified,41,False,9,27.61,5028,5.412213000936481,Mid,High,False
662,E0663,42,Male,High school,It,Software engineer,19,Medium,Low,True,69454,63608,Unchanged,42,False,7,21.52,-5846,-8.417081809543008,Senior,Low,False
663,E0664,22,Female,Bachelor,Marketing,Seo specialist,0,Low,Low,True,59432,61609,Unchanged,49,True,3,1.55,2177,3.663009826356172,Junior,Low,False
664,E0665,43,Male,Bachelor,Manufacturing,Machine operator,19,Medium,Low,False,113948,129693,Unchanged,51,False,3,-10.5,15745,13.817706322182048,Senior,Low,False
665,E0666,47,Male,Phd,Education,Teacher,21,Low,Medium,True,38848,41768,Modified,47,False,8,1.5,2920,7.516474464579901,Senior,Medium,False
666,E0667,56,Male,High school,It,Devops engineer,30,Medium,Medium,True,95333,107589,Modified,37,True,6,26.89,12256,12.855989006954568,Senior,Medium,False
667,E0668,27,Other,Master,Marketing,Content creator,1,High,High,False,43269,36603,Modified,36,False,4,5.25,-6666,-15.405948831727104,Junior,High,False
668,E0669,26,Female,Bachelor,Manufacturing,Supervisor,3,Medium,Medium,False,41795,40747,Modified,52,False,4,19.25,-1048,-2.507476970929537,Mid,Medium,False
669,E0670,25,Female,Master,Finance,Accountant,3,Medium,Low,True,35368,39415,Unchanged,46,True,9,-15.89,4047,11.44254693508256,Mid,Low,False
670,E0671,36,Male,High school,Finance,Accountant,12,Low,High,False,83822,91430,Unchanged,51,False,5,19.71,7608,9.076376130371502,Senior,High,False
671,E0672,40,Female,Phd,It,Software engineer,15,Medium,High,False,48019,53032,Unchanged,46,False,7,36.41,5013,10.439617651346342,Senior,High,False
672,E0673,38,Other,Bachelor,Finance,Auditor,14,High,High,False,80225,69276,Replaced,47,True,8,1.29,-10949,-13.647865378622623,Senior,High,True
673,E0674,35,Male,Phd,Retail,Store manager,9,Low,Medium,False,69791,68572,Modified,42,True,5,-2.72,-1219,-1.7466435500279407,Senior,Medium,False
674,E0675,37,Female,Master,Finance,Investment analyst,12,Medium,Medium,True,92653,87731,Modified,47,False,4,-6.79,-4922,-5.312294259225282,Senior,Medium,False
675,E0676,52,Female,Master,Healthcare,Doctor,28,Low,Medium,False,58807,60298,Modified,43,False,9,23.89,1491,2.5354124508987024,Senior,Medium,False
676,E0677,23,Female,Master,Education,Teacher,0,High,Low,True,65186,66996,Unchanged,50,False,5,-1.0,1810,2.776669837081582,Junior,Low,False
677,E0678,51,Other,Phd,Finance,Auditor,28,Low,High,True,57877,59595,Unchanged,41,False,6,20.65,1718,2.9683639442265495,Senior,High,False
678,E0679,55,Male,High school,Finance,Accountant,31,High,Low,True,70317,62431,Unchanged,40,False,4,29.98,-7886,-11.21492668913634,Senior,Low,False
679,E0680,25,Female,Phd,Marketing,Seo specialist,0,High,High,False,113973,108354,Modified,42,False,4,30.65,-5619,-4.9301150272432945,Junior,High,False
680,E0681,53,Other,High school,Marketing,Seo specialist,31,High,High,False,39417,45086,Replaced,37,False,4,-0.49,5669,14.382119390110864,Senior,High,True
681,E0682,32,Male,Master,Finance,Investment analyst,8,Medium,Low,True,70031,83317,Unchanged,43,False,5,3.71,13286,18.97159829218489,Senior,Low,False
682,E0683,26,Other,Master,Retail,Cashier,2,Low,Low,True,70469,68345,Unchanged,45,True,7,2.94,-2124,-3.014091302558572,Junior,Low,False
683,E0684,24,Other,Bachelor,Manufacturing,Supervisor,2,Medium,Medium,False,86635,82939,Modified,52,True,3,7.58,-3696,-4.266174179026952,Junior,Medium,False
684,E0685,30,Female,Phd,Healthcare,Doctor,7,High,Medium,True,80258,106925,Modified,54,False,9,5.19,26667,33.22659423359665,Senior,Medium,False
685,E0686,51,Female,Bachelor,Education,Teacher,29,Medium,High,False,65739,61738,Unchanged,49,False,3,13.93,-4001,-6.086189324449718,Senior,High,False
686,E0687,31,Male,Master,Education,Professor,8,Low,Medium,True,58141,58662,Modified,43,False,3,-13.99,521,0.8960974183450577,Senior,Medium,False
687,E0688,35,Female,Master,Finance,Investment analyst,11,Medium,Low,True,38307,38333,Unchanged,45,True,5,-15.39,26,0.06787271255906231,Senior,Low,False
688,E0689,42,Male,Master,Marketing,Content creator,16,Low,High,False,70149,76897,Unchanged,36,True,6,-11.87,6748,9.61952415572567,Senior,High,False
689,E0690,39,Male,Master,Education,Professor,15,Medium,Low,False,54816,49493,Unchanged,50,True,8,31.48,-5323,-9.710668417980152,Senior,Low,False
690,E0691,33,Male,Bachelor,Manufacturing,Quality inspector,8,High,Low,True,72316,82420,Unchanged,49,False,9,-19.62,10104,13.972011726312298,Senior,Low,False
691,E0692,29,Male,Bachelor,Healthcare,Technician,4,High,Medium,False,48443,50685,Modified,51,True,6,-10.2,2242,4.628119645769255,Mid,Medium,False
692,E0693,42,Male,High school,Finance,Accountant,16,Low,Medium,True,79241,76412,Modified,49,True,6,7.0,-2829,-3.57012152799687,Senior,Medium,False
693,E0694,58,Female,High school,It,Software engineer,35,Low,High,False,96630,92541,Unchanged,39,False,7,9.55,-4089,-4.231605091586464,Senior,High,False
694,E0695,24,Male,Bachelor,Retail,Store manager,0,Low,Medium,True,111326,114609,Modified,44,True,7,-10.32,3283,2.9489966404972785,Junior,Medium,False
695,E0696,58,Male,Master,It,Data analyst,34,Low,Low,True,53862,52412,Unchanged,40,False,9,-11.05,-1450,-2.6920649066131968,Senior,Low,False
696,E0697,57,Other,Phd,It,Data analyst,34,Medium,Low,True,65733,61635,Unchanged,38,True,8,-9.72,-4098,-6.234311533019945,Senior,Low,False
697,E0698,40,Female,High school,Manufacturing,Quality inspector,17,Medium,High,True,94140,91688,Unchanged,38,False,8,38.56,-2452,-2.60463140004249,Senior,High,False
698,E0699,57,Other,Master,Retail,Store manager,35,Medium,Low,False,87062,81258,Unchanged,54,False,9,18.89,-5804,-6.66651351910133,Senior,Low,False
699,E0700,36,Female,Bachelor,Marketing,Digital marketer,14,Medium,Low,True,113231,129910,Unchanged,54,True,9,3.82,16679,14.730065088182565,Senior,Low,False
700,E0701,32,Female,Master,Marketing,Content creator,6,Medium,Low,False,56553,51490,Unchanged,47,True,4,39.39,-5063,-8.95266387282726,Mid,Low,False
701,E0702,30,Female,Master,It,Data analyst,7,Medium,Low,True,76686,91756,Unchanged,37,False,3,38.64,15070,19.651566126802805,Senior,Low,False
702,E0703,42,Male,Phd,Marketing,Digital marketer,16,High,High,True,76418,106305,Replaced,54,False,4,26.08,29887,39.109895574341124,Senior,High,True
703,E0704,23,Male,Phd,Retail,Cashier,0,Medium,High,False,68751,79419,Unchanged,45,True,3,-7.91,10668,15.516865209233321,Junior,High,False
704,E0705,32,Male,Master,It,Data analyst,6,Medium,High,False,56627,61211,Unchanged,46,False,9,11.42,4584,8.095078319529552,Mid,High,False
705,E0706,38,Male,Bachelor,It,Devops engineer,16,Low,Medium,False,91386,100414,Modified,44,False,9,-2.36,9028,9.878974897686735,Senior,Medium,False
706,E0707,23,Male,Master,Healthcare,Technician,0,High,High,False,78899,67987,Replaced,42,True,4,-12.44,-10912,-13.830340055007035,Junior,High,True
707,E0708,32,Male,Phd,Marketing,Seo specialist,6,Low,High,False,70130,70035,Unchanged,51,True,8,20.59,-95,-0.1354627121060887,Mid,High,False
708,E0709,23,Other,High school,Retail,Store manager,1,Low,High,True,59327,56408,Unchanged,54,True,8,-19.92,-2919,-4.920188109966794,Junior,High,False
709,E0710,49,Female,Phd,Marketing,Content creator,27,High,Medium,True,92559,86613,Modified,42,False,3,21.54,-5946,-6.424010631056948,Senior,Medium,False
710,E0711,34,Male,Bachelor,It,Software engineer,12,Low,Low,True,88741,87215,Unchanged,50,False,7,-16.4,-1526,-1.7196110028059184,Senior,Low,False
711,E0712,43,Male,Bachelor,Healthcare,Nurse,21,Medium,Low,True,116483,129344,Unchanged,50,True,4,-13.19,12861,11.041096125614896,Senior,Low,False
712,E0713,53,Other,High school,Healthcare,Nurse,30,Low,Low,False,35543,34439,Unchanged,44,True,3,-18.33,-1104,-3.106096840446783,Senior,Low,False
713,E0714,55,Female,Master,It,Data analyst,30,Low,Low,True,102742,107335,Unchanged,38,False,8,5.58,4593,4.470421054680656,Senior,Low,False
714,E0715,48,Female,Phd,Retail,Cashier,25,Low,High,True,56270,60255,Unchanged,49,False,6,3.87,3985,7.081926426159588,Senior,High,False
715,E0716,58,Male,Master,Education,Professor,33,High,High,False,62083,70672,Replaced,44,False,8,10.02,8589,13.834705152779344,Senior,High,True
716,E0717,35,Male,Master,Finance,Auditor,9,Medium,Low,False,119745,112350,Unchanged,46,False,8,28.01,-7395,-6.175623199298509,Senior,Low,False
717,E0718,27,Female,High school,It,Devops engineer,2,Medium,Medium,True,109267,122166,Modified,38,False,3,27.09,12899,11.805028050555062,Junior,Medium,False
718,E0719,53,Male,Bachelor,Education,Professor,31,Low,High,False,57564,60554,Unchanged,37,False,9,36.76,2990,5.194218608852755,Senior,High,False
719,E0720,53,Female,Master,Finance,Investment analyst,27,High,Low,False,83370,70781,Unchanged,42,True,5,35.46,-12589,-15.100155931390189,Senior,Low,False
720,E0721,35,Other,Bachelor,Education,Teacher,10,Medium,High,True,88255,103329,Unchanged,41,True,8,30.24,15074,17.08005212169282,Senior,High,False
721,E0722,53,Female,Bachelor,Finance,Accountant,28,High,High,False,55256,59477,Replaced,39,False,7,9.94,4221,7.638989431012017,Senior,High,True
722,E0723,48,Male,Bachelor,Finance,Investment analyst,23,Medium,High,False,53382,59717,Unchanged,49,False,5,26.79,6335,11.867296092315762,Senior,High,False
723,E0724,54,Female,Phd,Manufacturing,Supervisor,28,Medium,Low,True,70222,69998,Unchanged,48,True,8,13.26,-224,-0.3189883512289596,Senior,Low,False
724,E0725,44,Other,Master,Healthcare,Doctor,18,High,High,True,118314,153117,Modified,40,False,9,33.93,34803,29.415791875855774,Senior,High,False
725,E0726,46,Other,Bachelor,Marketing,Digital marketer,23,High,Low,False,109788,152967,Unchanged,42,False,9,-6.46,43179,39.329434910919225,Senior,Low,False
726,E0727,22,Other,Master,It,Devops engineer,0,Medium,High,False,94427,87722,Unchanged,49,False,8,-9.39,-6705,-7.100723310070213,Junior,High,False
727,E0728,45,Other,Master,Retail,Store manager,21,High,Low,True,79052,67398,Unchanged,54,True,8,-16.05,-11654,-14.742195010878914,Senior,Low,False
728,E0729,24,Female,High school,It,Data analyst,2,Medium,High,True,115886,115663,Unchanged,51,True,4,-1.66,-223,-0.19243049203527604,Junior,High,False
729,E0730,50,Other,Phd,Healthcare,Nurse,25,High,High,False,37493,43318,Modified,35,False,5,21.68,5825,15.536233430240312,Senior,High,False
730,E0731,56,Female,High school,Finance,Accountant,30,High,Low,False,35594,31028,Unchanged,54,False,3,14.36,-4566,-12.828004719896613,Senior,Low,False
731,E0732,25,Other,Master,It,Software engineer,1,Medium,Medium,True,116005,139021,Modified,45,True,7,-14.45,23016,19.840524115339857,Junior,Medium,False
732,E0733,34,Other,High school,It,Devops engineer,9,Low,Medium,True,82664,82058,Modified,47,False,8,6.58,-606,-0.733088164134327,Senior,Medium,False
733,E0734,40,Female,Bachelor,Healthcare,Nurse,15,Medium,Medium,False,70745,74782,Modified,45,True,7,-3.06,4037,5.7064103470209915,Senior,Medium,False
734,E0735,49,Female,Phd,It,Software engineer,27,Low,Medium,True,43331,45401,Modified,53,True,6,29.95,2070,4.777180309708984,Senior,Medium,False
735,E0736,36,Female,High school,Manufacturing,Quality inspector,12,High,Medium,False,106441,104035,Modified,36,True,5,35.95,-2406,-2.26040717392734,Senior,Medium,False
736,E0737,40,Male,Master,Manufacturing,Supervisor,15,Low,High,False,34837,36507,Unchanged,37,False,5,-10.76,1670,4.793753767546001,Senior,High,False
737,E0738,28,Male,Master,Education,Administrator,4,Low,Medium,True,118422,120781,Modified,40,True,8,-8.6,2359,1.9920285082163787,Mid,Medium,False
738,E0739,33,Male,Phd,Retail,Store manager,9,Medium,Medium,True,107362,125978,Modified,50,True,3,-18.74,18616,17.33946834075371,Senior,Medium,False
739,E0740,34,Female,Bachelor,Finance,Investment analyst,12,Medium,Medium,False,87724,97429,Modified,38,False,5,-0.12,9705,11.063107017463864,Senior,Medium,False
740,E0741,53,Female,Master,It,Software engineer,31,High,High,True,109878,117845,Modified,43,False,9,4.74,7967,7.25076903474763,Senior,High,False
741,E0742,44,Female,Bachelor,It,Devops engineer,21,Low,Medium,False,70475,73079,Modified,53,True,3,0.74,2604,3.6949272791770134,Senior,Medium,False
742,E0743,57,Male,Master,Manufacturing,Supervisor,33,High,Low,True,50827,71089,Unchanged,54,False,7,7.1,20262,39.86463887303992,Senior,Low,False
743,E0744,36,Male,Bachelor,Finance,Auditor,14,High,Medium,False,30946,24760,Modified,54,True,4,16.84,-6186,-19.98965940670846,Senior,Medium,False
744,E0745,59,Male,High school,Manufacturing,Supervisor,37,High,Low,True,86809,107495,Unchanged,51,True,3,-11.88,20686,23.82932645232637,Senior,Low,False
745,E0746,31,Male,Phd,Finance,Accountant,8,High,Low,False,113384,131648,Unchanged,40,True,5,14.9,18264,16.10809285260707,Senior,Low,False
746,E0747,54,Male,Phd,It,Software engineer,32,Low,Medium,False,35867,36181,Modified,51,True,6,-10.24,314,0.8754565478016004,Senior,Medium,False
747,E0748,47,Male,Master,Marketing,Seo specialist,22,Low,Medium,True,40310,41893,Modified,37,False,7,32.31,1583,3.927065244356239,Senior,Medium,False
748,E0749,45,Other,Phd,Healthcare,Nurse,21,High,Low,False,38947,33010,Unchanged,48,False,3,13.95,-5937,-15.243792846689091,Senior,Low,False
749,E0750,39,Male,Master,Healthcare,Technician,14,Medium,Low,False,30507,35498,Unchanged,38,False,7,13.5,4991,16.360179630904383,Senior,Low,False
750,E0751,38,Male,Phd,It,Data analyst,15,High,High,True,54495,62776,Replaced,45,False,4,29.71,8281,15.195889531149648,Senior,High,True
751,E0752,33,Male,Bachelor,Manufacturing,Supervisor,8,Low,Low,False,30692,30056,Unchanged,47,True,8,20.71,-636,-2.072201225074938,Senior,Low,False
752,E0753,27,Male,Phd,Finance,Accountant,2,Low,Medium,False,39927,42731,Modified,52,True,9,8.17,2804,7.022816640368673,Junior,Medium,False
753,E0754,58,Female,Bachelor,It,Data analyst,36,Medium,High,False,95449,99685,Unchanged,41,True,3,28.58,4236,4.437972110760721,Senior,High,False
754,E0755,42,Male,High school,It,Software engineer,17,Low,Low,True,56140,55693,Unchanged,49,False,4,-12.07,-447,-0.79622372639829,Senior,Low,False
755,E0756,39,Female,Master,Education,Professor,15,High,High,True,88502,118720,Modified,39,False,4,2.99,30218,34.1438611556801,Senior,High,False
756,E0757,54,Other,Master,Manufacturing,Supervisor,29,Low,Low,True,111502,119649,Unchanged,52,False,6,29.58,8147,7.306595397391975,Senior,Low,False
757,E0758,55,Female,Bachelor,Retail,Sales associate,29,Medium,Low,False,47857,54929,Unchanged,50,False,9,17.89,7072,14.777357544350878,Senior,Low,False
758,E0759,35,Other,Bachelor,Marketing,Seo specialist,10,Medium,High,True,108002,117473,Unchanged,47,False,8,14.3,9471,8.769282050332402,Senior,High,False
759,E0760,53,Female,Phd,Healthcare,Nurse,27,Low,High,True,114694,122511,Unchanged,44,True,5,-3.0,7817,6.815526531466337,Senior,High,False
760,E0761,36,Female,Bachelor,Manufacturing,Supervisor,10,Medium,Low,True,81322,77175,Unchanged,49,True,5,-8.93,-4147,-5.099481075231795,Senior,Low,False
761,E0762,27,Other,Phd,Healthcare,Nurse,2,High,High,False,66133,73210,Modified,42,True,9,9.0,7077,10.701162808280284,Junior,High,False
762,E0763,41,Female,High school,Retail,Cashier,16,Low,Low,False,72674,69716,Unchanged,50,False,7,-15.73,-2958,-4.07023144453312,Senior,Low,False
763,E0764,24,Other,Master,Healthcare,Nurse,2,High,Low,False,83051,79302,Unchanged,41,False,9,-13.19,-3749,-4.514093749623725,Junior,Low,False
764,E0765,28,Male,High school,Retail,Sales associate,5,High,Low,True,49880,66921,Unchanged,46,False,3,11.49,17041,34.16399358460305,Mid,Low,False
765,E0766,31,Male,Master,Marketing,Seo specialist,7,High,Medium,True,80383,104923,Modified,52,False,6,-2.2,24540,30.528843163355436,Senior,Medium,False
766,E0767,46,Other,High school,It,Software engineer,24,Medium,Low,False,56299,52751,Unchanged,43,True,6,11.11,-3548,-6.302065756052505,Senior,Low,False
767,E0768,44,Female,Master,Retail,Cashier,20,High,Low,True,109854,135919,Unchanged,47,False,5,-17.18,26065,23.7269466746773,Senior,Low,False
768,E0769,35,Other,Master,Retail,Cashier,10,High,Low,False,57281,68933,Unchanged,53,True,5,-9.81,11652,20.34182364134704,Senior,Low,False
769,E0770,53,Male,Master,It,Devops engineer,31,High,Medium,False,60951,72640,Modified,38,False,8,14.78,11689,19.17770011976834,Senior,Medium,False
770,E0771,55,Other,Phd,Healthcare,Technician,31,High,High,True,109823,151324,Modified,47,False,7,-13.11,41501,37.788987734809645,Senior,High,False
771,E0772,26,Female,Phd,Manufacturing,Supervisor,4,Medium,Medium,True,75203,71721,Modified,36,True,4,27.85,-3482,-4.630134436126218,Mid,Medium,False
772,E0773,33,Female,Bachelor,Healthcare,Doctor,7,High,Medium,True,99322,129739,Modified,48,False,8,-0.5,30417,30.624635025472706,Senior,Medium,False
773,E0774,45,Other,High school,Education,Teacher,23,High,Medium,False,75760,79230,Modified,53,False,4,38.69,3470,4.5802534318901795,Senior,Medium,False
774,E0775,33,Male,High school,Manufacturing,Supervisor,8,High,Medium,True,113232,147152,Modified,51,True,7,28.25,33920,29.956196128302953,Senior,Medium,False
775,E0776,47,Male,High school,Retail,Cashier,23,Low,High,False,43921,46022,Unchanged,40,True,7,7.58,2101,4.783588716103914,Senior,High,False
776,E0777,44,Other,Master,It,Devops engineer,19,Medium,High,False,52837,48491,Unchanged,37,True,6,17.97,-4346,-8.225296667108276,Senior,High,False
777,E0778,29,Male,Phd,Healthcare,Doctor,4,Medium,Medium,True,72422,85804,Modified,42,False,7,32.78,13382,18.477810610035625,Mid,Medium,False
778,E0779,46,Male,Bachelor,Marketing,Content creator,24,Low,Low,False,40304,40431,Unchanged,45,False,5,-1.83,127,0.3151052004763795,Senior,Low,False
779,E0780,44,Other,Phd,It,Software engineer,18,Medium,Low,False,30490,30641,Unchanged,41,False,9,-5.37,151,0.49524434240734666,Senior,Low,False
780,E0781,48,Female,High school,It,Software engineer,22,Low,Medium,True,33159,35192,Modified,44,False,9,-18.49,2033,6.13106547242076,Senior,Medium,False
781,E0782,41,Male,Bachelor,Manufacturing,Machine operator,17,Medium,Medium,True,59320,66641,Modified,42,False,7,4.74,7321,12.341537424140256,Senior,Medium,False
782,E0783,34,Male,Master,Manufacturing,Machine operator,12,High,Medium,False,44678,44248,Modified,51,True,6,34.72,-430,-0.9624423653699807,Senior,Medium,False
783,E0784,23,Other,Phd,Marketing,Seo specialist,1,Medium,High,False,91497,82524,Unchanged,40,False,8,9.77,-8973,-9.806878914062755,Junior,High,False
784,E0785,32,Other,High school,Manufacturing,Machine operator,9,Low,Low,False,59863,58024,Unchanged,35,True,5,14.43,-1839,-3.072014432955248,Senior,Low,False
785,E0786,39,Male,Bachelor,Retail,Store manager,17,High,Medium,True,89251,93215,Modified,35,True,6,11.28,3964,4.441406818971216,Senior,Medium,False
786,E0787,46,Other,Bachelor,Finance,Auditor,20,Low,High,False,91360,98600,Unchanged,50,True,4,14.63,7240,7.924693520140106,Senior,High,False
787,E0788,50,Female,Phd,Education,Administrator,26,Low,High,True,93382,94731,Unchanged,53,True,3,24.99,1349,1.4446038851170462,Senior,High,False
788,E0789,22,Female,Bachelor,Healthcare,Nurse,0,High,Medium,True,67344,64736,Modified,52,True,4,-8.08,-2608,-3.8726538370159185,Junior,Medium,False
789,E0790,46,Other,Bachelor,It,Software engineer,20,Low,High,False,70581,73294,Unchanged,43,True,5,-15.96,2713,3.8438106572590356,Senior,High,False
790,E0791,52,Male,Phd,Marketing,Content creator,29,Low,High,False,77645,82089,Unchanged,54,True,7,14.74,4444,5.723485092407754,Senior,High,False
791,E0792,30,Female,Bachelor,Retail,Sales associate,5,High,Medium,False,96727,116200,Modified,38,False,3,27.92,19473,20.131917665181387,Mid,Medium,False
792,E0793,37,Female,High school,Finance,Investment analyst,13,Low,Medium,True,36008,38993,Modified,54,False,9,7.51,2985,8.289824483448124,Senior,Medium,False
793,E0794,39,Male,High school,Manufacturing,Quality inspector,16,Medium,High,False,66444,78372,Unchanged,44,True,7,39.82,11928,17.9519595448799,Senior,High,False
794,E0795,52,Male,Master,Marketing,Seo specialist,30,Medium,High,False,30066,27503,Unchanged,43,False,8,-6.14,-2563,-8.524579258963612,Senior,High,False
795,E0796,32,Female,Phd,It,Devops engineer,8,High,Medium,True,41772,34034,Modified,47,True,6,-7.43,-7738,-18.524370391649907,Senior,Medium,False
796,E0797,58,Female,High school,It,Software engineer,35,Low,High,False,86827,92358,Unchanged,36,True,8,25.6,5531,6.370138321029173,Senior,High,False
797,E0798,44,Female,Master,Healthcare,Doctor,18,High,High,True,47558,49059,Replaced,39,False,9,2.44,1501,3.1561461794019934,Senior,High,True
798,E0799,52,Other,Phd,Education,Professor,30,Low,High,True,30798,33719,Unchanged,51,True,7,3.61,2921,9.484382102733942,Senior,High,False
799,E0800,23,Male,Master,Finance,Auditor,1,High,High,True,33084,34966,Replaced,40,True,5,17.92,1882,5.688550356667876,Junior,High,True
800,E0801,56,Female,Phd,Education,Teacher,33,High,High,False,62330,73993,Modified,53,False,8,24.71,11663,18.711695812610298,Senior,High,False
801,E0802,40,Male,Bachelor,Marketing,Content creator,18,High,High,False,90430,113106,Modified,48,True,3,33.82,22676,25.07574919827491,Senior,High,False
802,E0803,40,Male,High school,Marketing,Seo specialist,15,High,High,False,61186,77876,Replaced,42,True,5,34.19,16690,27.277481776877067,Senior,High,True
803,E0804,29,Other,High school,Healthcare,Doctor,6,Low,Low,False,105483,109701,Unchanged,51,True,9,9.14,4218,3.998748613520662,Mid,Low,False
804,E0805,34,Male,High school,Marketing,Seo specialist,10,High,Medium,False,111417,140250,Modified,52,False,9,-11.2,28833,25.878456608955545,Senior,Medium,False
805,E0806,27,Female,Phd,Manufacturing,Quality inspector,1,High,High,True,49581,49529,Modified,45,True,4,10.03,-52,-0.10487888505677578,Junior,High,False
806,E0807,55,Male,Master,Finance,Auditor,30,Low,Low,False,43386,46822,Unchanged,50,True,7,-11.76,3436,7.919605402664454,Senior,Low,False
807,E0808,51,Female,Phd,It,Data analyst,27,High,Medium,False,52706,72072,Modified,41,False,3,-1.22,19366,36.74344476909649,Senior,Medium,False
808,E0809,22,Male,High school,Retail,Cashier,0,Medium,Low,False,46574,43061,Unchanged,37,False,5,18.81,-3513,-7.542835058186971,Junior,Low,False
809,E0810,24,Other,High school,It,Devops engineer,0,High,High,False,96151,126516,Modified,50,True,8,37.57,30365,31.5805347838296,Junior,High,False
810,E0811,28,Female,Bachelor,It,Data analyst,3,Low,Medium,False,98694,96250,Modified,35,True,4,30.19,-2444,-2.476341013638114,Mid,Medium,False
811,E0812,57,Male,Phd,Finance,Accountant,31,High,High,True,52504,51701,Modified,50,True,7,8.63,-803,-1.529407283254609,Senior,High,False
812,E0813,53,Male,Phd,Marketing,Content creator,29,Low,Medium,True,63139,68826,Modified,48,False,9,4.13,5687,9.007111294128826,Senior,Medium,False
813,E0814,52,Female,High school,Manufacturing,Machine operator,30,Medium,High,False,82091,91745,Unchanged,52,False,8,-13.24,9654,11.760119866976892,Senior,High,False
814,E0815,35,Female,High school,Healthcare,Technician,12,High,Low,False,100990,85089,Unchanged,52,False,6,0.99,-15901,-15.745123279532628,Senior,Low,False
815,E0816,29,Female,High school,Education,Administrator,5,Low,Low,False,116717,127374,Unchanged,42,True,7,-2.1,10657,9.130632212959553,Mid,Low,False
816,E0817,53,Male,Bachelor,Education,Administrator,28,High,High,False,59424,55437,Modified,49,False,6,-16.63,-3987,-6.709410339256866,Senior,High,False
817,E0818,35,Male,High school,Finance,Auditor,13,High,Low,False,53649,48309,Unchanged,40,False,8,7.76,-5340,-9.953587205726109,Senior,Low,False
818,E0819,29,Female,Bachelor,Retail,Store manager,5,Medium,High,False,44645,46529,Unchanged,54,False,7,7.08,1884,4.219957442042782,Mid,High,False
819,E0820,43,Male,High school,Healthcare,Nurse,19,High,Low,True,58132,75115,Unchanged,51,True,5,18.92,16983,29.214546205188192,Senior,Low,False
820,E0821,38,Other,Phd,Marketing,Content creator,15,High,High,False,81702,102231,Modified,36,True,8,10.77,20529,25.12667988543732,Senior,High,False
821,E0822,27,Female,High school,It,Devops engineer,5,Low,Low,True,59670,64255,Unchanged,50,False,5,-4.42,4585,7.683928272163566,Mid,Low,False
822,E0823,58,Female,Master,Education,Professor,36,Medium,Medium,True,96985,93676,Modified,38,True,8,-19.99,-3309,-3.4118678146105066,Senior,Medium,False
823,E0824,43,Female,Phd,Retail,Store manager,20,Low,High,True,75212,72809,Unchanged,52,False,9,-15.94,-2403,-3.1949688879434133,Senior,High,False
824,E0825,22,Male,High school,Finance,Accountant,0,Medium,High,True,30215,29982,Unchanged,45,True,5,-5.47,-233,-0.771140162171107,Junior,High,False
825,E0826,53,Other,Master,Education,Teacher,31,Medium,Medium,True,40345,37649,Modified,40,True,8,-17.86,-2696,-6.6823646052794645,Senior,Medium,False
826,E0827,37,Male,Bachelor,Healthcare,Doctor,14,Low,Medium,True,101537,99352,Modified,47,True,4,-17.66,-2185,-2.151924914070733,Senior,Medium,False
827,E0828,34,Male,High school,Healthcare,Doctor,12,Low,Medium,False,30228,31829,Modified,51,True,9,28.9,1601,5.296413920868069,Senior,Medium,False
828,E0829,39,Female,Phd,Education,Professor,15,Medium,Medium,True,93261,105703,Modified,37,False,9,7.64,12442,13.341053602256034,Senior,Medium,False
829,E0830,39,Male,High school,Finance,Auditor,16,Low,Low,True,119862,127435,Unchanged,35,True,6,-5.08,7573,6.318099147352789,Senior,Low,False
830,E0831,50,Female,Bachelor,Marketing,Seo specialist,24,High,Medium,False,92894,96803,Modified,53,True,8,-5.91,3909,4.208022046633798,Senior,Medium,False
831,E0832,41,Other,Bachelor,Healthcare,Nurse,17,High,Medium,False,107733,150301,Modified,51,False,9,37.08,42568,39.512498491641374,Senior,Medium,False
832,E0833,28,Male,High school,Education,Teacher,4,Medium,High,False,62574,57469,Unchanged,45,True,6,-6.56,-5105,-8.158340524818614,Mid,High,False
833,E0834,50,Female,Bachelor,Education,Administrator,26,Medium,Low,True,102104,108343,Unchanged,50,False,4,30.4,6239,6.110436417770117,Senior,Low,False
834,E0835,38,Other,High school,Manufacturing,Quality inspector,16,High,Low,True,96766,122882,Unchanged,53,False,3,-12.65,26116,26.988818386623404,Senior,Low,False
835,E0836,55,Male,Bachelor,Marketing,Digital marketer,31,High,High,True,48300,39878,Replaced,40,True,7,31.88,-8422,-17.436853002070393,Senior,High,True
836,E0837,22,Male,Master,Manufacturing,Supervisor,0,Low,High,False,85514,90703,Unchanged,42,False,4,-11.66,5189,6.068012255303225,Junior,High,False
837,E0838,37,Male,Master,Education,Professor,12,High,Low,False,42352,55136,Unchanged,51,False,3,10.15,12784,30.18511522478277,Senior,Low,False
838,E0839,44,Male,Bachelor,Marketing,Seo specialist,19,Medium,Low,False,49782,52326,Unchanged,47,False,6,32.7,2544,5.110280824394359,Senior,Low,False
839,E0840,35,Female,Master,It,Devops engineer,11,Low,High,True,62769,61208,Unchanged,39,False,6,-1.38,-1561,-2.4868963979034238,Senior,High,False
840,E0841,27,Other,Master,Education,Administrator,5,Low,Low,False,38320,37299,Unchanged,40,False,5,12.82,-1021,-2.664405010438413,Mid,Low,False
841,E0842,39,Male,High school,Manufacturing,Machine operator,13,High,Low,False,106896,88070,Unchanged,41,False,9,-3.56,-18826,-17.611510252956144,Senior,Low,False
842,E0843,48,Male,High school,Retail,Store manager,25,Medium,High,False,69886,77565,Unchanged,39,True,7,31.18,7679,10.987894571158744,Senior,High,False
843,E0844,23,Female,Bachelor,Retail,Sales associate,0,High,Low,True,70544,77943,Unchanged,50,False,8,17.21,7399,10.488489453390791,Junior,Low,False
844,E0845,50,Female,Master,Healthcare,Doctor,27,High,Low,False,89470,105318,Unchanged,35,True,3,18.0,15848,17.71319995529228,Senior,Low,False
845,E0846,44,Male,Master,Marketing,Digital marketer,20,High,High,False,86633,101816,Replaced,41,False,3,28.5,15183,17.52565419643785,Senior,High,True
846,E0847,22,Other,Bachelor,Retail,Sales associate,0,Medium,High,False,85565,94243,Unchanged,44,True,9,35.58,8678,10.14199731198504,Junior,High,False
847,E0848,47,Female,Bachelor,Retail,Cashier,24,High,Low,True,85421,80731,Unchanged,53,False,9,5.56,-4690,-5.490453167253953,Senior,Low,False
848,E0849,33,Other,Master,Manufacturing,Machine operator,11,High,Low,True,118095,120161,Unchanged,51,False,8,29.44,2066,1.749439010965748,Senior,Low,False
849,E0850,23,Female,Phd,It,Devops engineer,0,Low,Low,False,118177,127932,Unchanged,35,False,5,0.58,9755,8.254567301589988,Junior,Low,False
850,E0851,31,Male,Phd,It,Data analyst,9,Medium,High,False,75156,75766,Unchanged,43,False,7,-14.78,610,0.8116451115014104,Senior,High,False
851,E0852,45,Male,Phd,Marketing,Seo specialist,23,Medium,Medium,True,61376,59502,Modified,43,False,6,30.94,-1874,-3.053310740354536,Senior,Medium,False
852,E0853,38,Female,Master,Education,Administrator,16,High,Low,False,83364,95222,Unchanged,45,True,7,14.89,11858,14.224365433520465,Senior,Low,False
853,E0854,42,Other,Phd,Manufacturing,Supervisor,19,Medium,High,True,108518,106858,Unchanged,51,True,4,-15.14,-1660,-1.529700141911941,Senior,High,False
854,E0855,41,Female,Phd,Education,Teacher,15,High,Low,True,63324,63115,Unchanged,51,True,7,2.32,-209,-0.33004863874676266,Senior,Low,False
855,E0856,52,Male,Bachelor,Healthcare,Technician,27,Medium,Medium,True,53889,56615,Modified,49,True,5,14.99,2726,5.058546271038616,Senior,Medium,False
856,E0857,30,Female,High school,It,Software engineer,4,Low,High,False,86398,88547,Unchanged,53,True,4,-7.01,2149,2.48732609551147,Mid,High,False
857,E0858,47,Other,Master,Finance,Auditor,25,High,High,True,72137,72517,Modified,52,False,7,37.69,380,0.526775441174432,Senior,High,False
858,E0859,24,Other,Phd,Finance,Accountant,1,Low,High,True,93456,101533,Unchanged,35,True,6,14.14,8077,8.642569765451121,Junior,High,False
859,E0860,24,Other,Master,It,Devops engineer,0,High,High,True,53600,70166,Modified,54,False,6,1.8,16566,30.906716417910445,Junior,High,False
860,E0861,28,Female,Master,It,Devops engineer,3,Medium,Low,True,86207,78648,Unchanged,35,False,3,24.69,-7559,-8.768429477884625,Mid,Low,False
861,E0862,46,Female,High school,Healthcare,Nurse,23,High,Medium,False,59813,72030,Modified,41,False,6,7.02,12217,20.42532559811412,Senior,Medium,False
862,E0863,27,Male,Phd,Manufacturing,Machine operator,2,Low,High,True,109183,114560,Unchanged,48,False,9,-6.85,5377,4.9247593489829,Junior,High,False
863,E0864,54,Other,High school,Finance,Investment analyst,31,Low,Low,True,82344,84187,Unchanged,54,True,6,-7.04,1843,2.2381715729136307,Senior,Low,False
864,E0865,47,Male,High school,Marketing,Seo specialist,23,Low,High,True,79549,85184,Unchanged,46,True,3,-2.02,5635,7.083684270072534,Senior,High,False
865,E0866,34,Male,Master,Education,Professor,11,Medium,Low,False,90139,84463,Unchanged,38,False,4,-7.64,-5676,-6.296941390519087,Senior,Low,False
866,E0867,30,Male,Master,Marketing,Seo specialist,4,High,Low,False,77894,80434,Unchanged,36,False,6,-11.7,2540,3.2608416566102654,Mid,Low,False
867,E0868,41,Female,Bachelor,Marketing,Content creator,17,Low,High,False,34994,35828,Unchanged,38,False,8,22.05,834,2.38326570269189,Senior,High,False
868,E0869,37,Male,High school,It,Data analyst,13,Low,Low,True,107355,112429,Unchanged,38,True,8,-15.89,5074,4.726375110614317,Senior,Low,False
869,E0870,39,Male,Phd,Finance,Investment analyst,14,High,Low,False,50659,65322,Unchanged,53,False,9,15.84,14663,28.944511340531793,Senior,Low,False
870,E0871,53,Female,Master,Education,Administrator,29,Medium,Medium,True,64565,62117,Modified,39,True,9,31.08,-2448,-3.7915279176024166,Senior,Medium,False
871,E0872,26,Female,Phd,Healthcare,Nurse,2,Medium,Medium,True,79294,81601,Modified,39,False,3,-10.07,2307,2.909425681640477,Junior,Medium,False
872,E0873,36,Male,Master,Education,Teacher,12,Medium,Medium,False,93580,92264,Modified,42,True,7,11.08,-1316,-1.4062833938875827,Senior,Medium,False
873,E0874,32,Female,High school,Manufacturing,Supervisor,9,Medium,Low,False,49324,50834,Unchanged,48,False,4,37.19,1510,3.061389992701322,Senior,Low,False
874,E0875,33,Male,Bachelor,Marketing,Content creator,8,Medium,High,True,40358,39456,Unchanged,51,False,3,-16.83,-902,-2.2349967788294762,Senior,High,False
875,E0876,24,Female,Bachelor,Marketing,Content creator,0,Low,Medium,False,50224,51964,Modified,47,True,4,16.03,1740,3.4644791334820004,Junior,Medium,False
876,E0877,42,Other,High school,It,Devops engineer,20,Low,Low,True,33203,34444,Unchanged,46,True,3,-12.55,1241,3.7376140710176795,Senior,Low,False
877,E0878,31,Male,Master,Finance,Accountant,8,High,Medium,True,63541,58153,Modified,46,False,3,20.0,-5388,-8.479564375757386,Senior,Medium,False
878,E0879,23,Other,Master,It,Data analyst,0,Medium,Medium,True,31674,29802,Modified,54,True,6,23.68,-1872,-5.910210267096041,Junior,Medium,False
879,E0880,50,Female,Phd,Manufacturing,Quality inspector,27,High,Medium,True,40492,48387,Modified,46,True,4,6.26,7895,19.497678553788404,Senior,Medium,False
880,E0881,51,Female,Master,It,Devops engineer,26,Low,High,False,60935,61433,Unchanged,40,True,8,-2.73,498,0.8172642980224829,Senior,High,False
881,E0882,43,Other,High school,It,Data analyst,18,High,Medium,False,68729,92943,Modified,51,False,5,-19.28,24214,35.23112514368025,Senior,Medium,False
882,E0883,59,Other,Phd,It,Data analyst,35,Low,Medium,False,93753,98526,Modified,40,False,7,0.24,4773,5.091037086813222,Senior,Medium,False
883,E0884,45,Female,Master,Manufacturing,Quality inspector,23,High,High,False,78570,99768,Replaced,54,True,6,25.01,21198,26.979763268423063,Senior,High,True
884,E0885,48,Female,Phd,Education,Professor,25,Medium,Low,True,47400,53591,Unchanged,45,True,9,-16.28,6191,13.061181434599156,Senior,Low,False
885,E0886,55,Male,Phd,Manufacturing,Quality inspector,33,Medium,High,False,71139,73094,Unchanged,41,True,3,2.97,1955,2.748140963465891,Senior,High,False
886,E0887,42,Female,High school,Finance,Investment analyst,19,Low,Medium,True,108353,104569,Modified,54,False,5,3.6,-3784,-3.492289092134043,Senior,Medium,False
887,E0888,39,Female,Phd,It,Software engineer,13,High,High,False,80717,82337,Replaced,54,False,3,-14.03,1620,2.0070121535735965,Senior,High,True
888,E0889,32,Female,Master,Marketing,Digital marketer,9,Low,Medium,True,82409,85268,Modified,47,False,3,11.0,2859,3.4692812678226894,Senior,Medium,False
889,E0890,25,Male,Bachelor,Marketing,Content creator,2,Medium,Medium,False,41154,45497,Modified,50,False,3,-2.6,4343,10.553044661515285,Junior,Medium,False
890,E0891,33,Male,Bachelor,Manufacturing,Supervisor,10,Low,High,True,76900,74361,Unchanged,50,True,7,-9.69,-2539,-3.3016905071521454,Senior,High,False
891,E0892,47,Female,Bachelor,Education,Teacher,21,Medium,Low,False,55938,56104,Unchanged,46,False,4,31.12,166,0.2967571239586685,Senior,Low,False
892,E0893,32,Female,Master,Marketing,Seo specialist,7,Medium,High,False,34763,36843,Unchanged,46,False,4,31.64,2080,5.983373126600121,Senior,High,False
893,E0894,58,Male,Master,Education,Teacher,35,Low,High,True,82311,82465,Unchanged,43,False,9,-17.89,154,0.18709528495583821,Senior,High,False
894,E0895,58,Male,Bachelor,Marketing,Digital marketer,32,Medium,High,True,35636,34124,Unchanged,43,False,7,23.15,-1512,-4.242900437759569,Senior,High,False
895,E0896,36,Other,Phd,Manufacturing,Machine operator,13,Medium,Medium,False,47143,55282,Modified,37,True,9,25.62,8139,17.26449313789958,Senior,Medium,False
896,E0897,36,Other,High school,Manufacturing,Quality inspector,11,Medium,Low,True,81028,81992,Unchanged,46,True,4,-7.46,964,1.189712198252456,Senior,Low,False
897,E0898,58,Female,Bachelor,Manufacturing,Supervisor,32,Low,High,False,117892,120283,Unchanged,41,True,7,-11.12,2391,2.0281274386726835,Senior,High,False
898,E0899,44,Female,Phd,It,Devops engineer,20,High,High,True,86463,86905,Replaced,42,True,9,39.15,442,0.5112013231093069,Senior,High,True
899,E0900,46,Other,Bachelor,Marketing,Digital marketer,21,Low,Low,False,50836,50595,Unchanged,43,False,6,-17.76,-241,-0.47407349122668974,Senior,Low,False
900,E0901,26,Female,High school,Finance,Accountant,1,Medium,Medium,True,41957,45580,Modified,36,True,8,-12.76,3623,8.635031103272398,Junior,Medium,False
901,E0902,55,Other,Bachelor,Education,Teacher,29,High,High,False,114585,125226,Replaced,45,False,4,28.78,10641,9.286555831915171,Senior,High,True
902,E0903,59,Female,Phd,Retail,Cashier,34,Medium,Medium,True,112464,108476,Modified,39,False,5,17.65,-3988,-3.546023616446152,Senior,Medium,False
903,E0904,31,Female,High school,Healthcare,Doctor,7,High,High,True,118741,117100,Modified,53,True,4,3.95,-1641,-1.3819994778551639,Senior,High,False
904,E0905,33,Other,Bachelor,Retail,Sales associate,8,Medium,High,True,45198,49393,Unchanged,46,False,4,23.06,4195,9.281384132041241,Senior,High,False
905,E0906,57,Female,High school,Marketing,Digital marketer,31,High,High,False,72292,65669,Replaced,36,False,3,36.86,-6623,-9.161456316051568,Senior,High,True
906,E0907,35,Female,High school,It,Data analyst,10,High,High,False,86574,92352,Modified,44,True,6,24.54,5778,6.6740591863608,Senior,High,False
907,E0908,26,Other,Phd,Finance,Accountant,3,Medium,Medium,True,49177,49708,Modified,51,True,5,19.82,531,1.0797730646440409,Mid,Medium,False
908,E0909,48,Other,Phd,It,Data analyst,24,Low,High,True,58333,63154,Unchanged,51,False,8,-10.9,4821,8.264618654963742,Senior,High,False
909,E0910,59,Other,Bachelor,It,Devops engineer,34,Low,Medium,True,104160,103362,Modified,36,False,3,15.12,-798,-0.7661290322580645,Senior,Medium,False
910,E0911,45,Other,Master,Marketing,Seo specialist,21,High,Low,True,107527,116142,Unchanged,49,True,7,1.58,8615,8.011941186864695,Senior,Low,False
911,E0912,36,Other,Bachelor,Retail,Store manager,12,Medium,High,False,70387,83173,Unchanged,38,False,5,-2.3,12786,18.165286203418248,Senior,High,False
912,E0913,43,Male,High school,Education,Professor,21,Medium,High,True,36997,42882,Unchanged,51,False,6,39.81,5885,15.906695137443577,Senior,High,False
913,E0914,42,Other,High school,Finance,Investment analyst,17,Medium,High,False,42126,48959,Unchanged,54,True,9,-6.76,6833,16.22038645966861,Senior,High,False
914,E0915,44,Female,Bachelor,It,Data analyst,19,Low,High,False,77631,79718,Unchanged,52,False,7,-2.55,2087,2.688359031830068,Senior,High,False
915,E0916,34,Other,Master,Finance,Investment analyst,10,Low,High,True,38605,40236,Unchanged,38,True,6,-9.46,1631,4.224841341795104,Senior,High,False
916,E0917,41,Female,Bachelor,It,Data analyst,16,Medium,Low,True,63132,60633,Unchanged,38,False,5,-19.43,-2499,-3.95837293290249,Senior,Low,False
917,E0918,55,Male,High school,Finance,Investment analyst,32,Medium,Medium,False,69236,62460,Modified,43,False,7,7.4,-6776,-9.786816107227454,Senior,Medium,False
918,E0919,26,Female,Phd,Manufacturing,Supervisor,3,High,Low,True,109369,134064,Unchanged,53,False,7,39.02,24695,22.579524362479315,Mid,Low,False
919,E0920,29,Male,Bachelor,Retail,Cashier,7,Low,High,False,112800,111928,Unchanged,51,False,3,-8.94,-872,-0.7730496453900709,Senior,High,False
920,E0921,38,Other,Phd,Manufacturing,Quality inspector,12,High,Medium,True,65897,58032,Modified,42,False,8,8.06,-7865,-11.935292957190766,Senior,Medium,False
921,E0922,40,Male,Master,Education,Professor,15,High,Low,False,94817,76451,Unchanged,35,True,8,25.71,-18366,-19.369944208317076,Senior,Low,False
922,E0923,50,Other,Phd,It,Software engineer,26,Low,Medium,False,115936,127298,Modified,40,False,3,-4.95,11362,9.800234612199835,Senior,Medium,False
923,E0924,22,Male,Phd,Marketing,Digital marketer,0,Medium,Low,True,73226,79415,Unchanged,48,False,9,35.61,6189,8.451915986125147,Junior,Low,False
924,E0925,41,Other,Bachelor,It,Software engineer,19,High,Medium,True,71115,68102,Modified,49,True,8,8.33,-3013,-4.236799550024608,Senior,Medium,False
925,E0926,50,Female,Phd,Retail,Sales associate,26,High,High,True,31407,38486,Replaced,44,False,7,15.26,7079,22.539561244308594,Senior,High,True
926,E0927,56,Male,Master,Manufacturing,Quality inspector,34,Low,Low,True,79703,77565,Unchanged,40,False,7,6.37,-2138,-2.68245862765517,Senior,Low,False
927,E0928,41,Female,High school,Manufacturing,Supervisor,16,Medium,High,True,57307,53071,Unchanged,50,True,9,-1.81,-4236,-7.391767148864886,Senior,High,False
928,E0929,27,Male,Master,It,Software engineer,3,Medium,Low,False,87716,93966,Unchanged,51,False,7,34.58,6250,7.125267910073418,Mid,Low,False
929,E0930,23,Male,Phd,Education,Professor,0,Low,High,True,52738,55478,Unchanged,44,False,4,14.21,2740,5.195494709696993,Junior,High,False
930,E0931,41,Male,Bachelor,Retail,Cashier,19,Medium,Low,False,55616,50455,Unchanged,38,True,5,12.05,-5161,-9.279703682393556,Senior,Low,False
931,E0932,38,Female,Master,Retail,Sales associate,12,Low,High,False,117505,116697,Unchanged,51,True,9,12.29,-808,-0.6876303136036764,Senior,High,False
932,E0933,57,Female,Master,Finance,Accountant,31,High,High,False,82611,114537,Replaced,46,True,6,31.2,31926,38.64618513273051,Senior,High,True
933,E0934,45,Other,Phd,Finance,Auditor,19,Low,Medium,True,81012,83221,Modified,46,False,4,39.42,2209,2.7267565298968055,Senior,Medium,False
934,E0935,38,Male,High school,It,Software engineer,14,High,Medium,True,117318,120920,Modified,43,True,9,0.82,3602,3.0702875944015413,Senior,Medium,False
935,E0936,49,Male,Phd,Education,Professor,24,High,Low,False,64812,71832,Unchanged,47,False,6,27.8,7020,10.83132753193853,Senior,Low,False
936,E0937,41,Male,Master,It,Software engineer,19,Low,High,False,49156,48352,Unchanged,49,True,5,10.27,-804,-1.6356090812922126,Senior,High,False
937,E0938,53,Male,High school,Marketing,Seo specialist,28,Low,Low,True,94341,95928,Unchanged,52,True,5,38.02,1587,1.6821954399465766,Senior,Low,False
938,E0939,50,Female,Phd,Finance,Auditor,27,Low,High,False,56183,58287,Unchanged,41,False,6,23.08,2104,3.7449050424505637,Senior,High,False
939,E0940,39,Male,High school,Marketing,Digital marketer,14,Medium,Medium,True,92501,90534,Modified,43,True,8,14.87,-1967,-2.126463497691917,Senior,Medium,False
940,E0941,29,Male,Phd,Finance,Accountant,5,Medium,High,True,65362,69617,Unchanged,38,False,9,10.84,4255,6.509898717909489,Mid,High,False
941,E0942,41,Female,Bachelor,Education,Professor,19,High,High,False,49867,49497,Modified,50,True,6,11.57,-370,-0.7419736499087572,Senior,High,False
942,E0943,59,Female,High school,Healthcare,Technician,34,Medium,Low,False,54014,54872,Unchanged,46,False,4,1.21,858,1.5884770615025734,Senior,Low,False
943,E0944,26,Female,High school,Education,Teacher,1,High,Low,False,36523,50582,Unchanged,44,True,9,4.67,14059,38.493552008323526,Junior,Low,False
944,E0945,51,Other,Phd,Education,Administrator,26,Medium,Low,True,44457,50498,Unchanged,43,True,9,4.31,6041,13.588411273815149,Senior,Low,False
945,E0946,55,Female,Master,Manufacturing,Machine operator,32,Low,High,False,82709,90812,Unchanged,36,True,6,-3.3,8103,9.796999117387466,Senior,High,False
946,E0947,36,Female,Phd,Marketing,Seo specialist,13,Medium,High,True,41620,43205,Unchanged,44,False,5,-6.94,1585,3.8082652570879385,Senior,High,False
947,E0948,24,Male,High school,Education,Teacher,0,Low,High,True,88031,86535,Unchanged,36,False,6,-4.76,-1496,-1.6994013472526726,Junior,High,False
948,E0949,31,Other,Master,Finance,Auditor,9,Low,Low,True,78773,83818,Unchanged,43,False,5,23.34,5045,6.404478691937593,Senior,Low,False
949,E0950,34,Male,Bachelor,Healthcare,Technician,10,Low,Medium,False,58948,59457,Modified,37,True,5,38.59,509,0.8634728913618782,Senior,Medium,False
950,E0951,25,Male,Master,Finance,Auditor,3,Medium,High,True,88535,98714,Unchanged,46,False,3,1.52,10179,11.497148020556843,Mid,High,False
951,E0952,34,Female,Bachelor,Education,Administrator,9,High,High,True,96381,77833,Replaced,38,False,3,18.67,-18548,-19.244456895031178,Senior,High,True
952,E0953,56,Male,High school,Education,Teacher,34,High,Medium,False,33832,42852,Modified,45,True,5,-6.45,9020,26.661149207850553,Senior,Medium,False
953,E0954,47,Female,High school,Finance,Auditor,23,High,Low,False,81638,107543,Unchanged,46,True,7,28.97,25905,31.731546583698766,Senior,Low,False
954,E0955,41,Male,High school,Healthcare,Technician,15,Medium,High,True,40024,37275,Unchanged,47,False,4,14.14,-2749,-6.868378972616431,Senior,High,False
955,E0956,54,Other,Phd,Healthcare,Doctor,32,High,Medium,True,33407,38136,Modified,39,False,4,-19.88,4729,14.15571586793187,Senior,Medium,False
956,E0957,32,Other,High school,Marketing,Content creator,6,Low,Low,True,56505,59034,Unchanged,42,True,9,11.12,2529,4.47571011414919,Mid,Low,False
957,E0958,32,Female,Master,Education,Administrator,6,Medium,High,True,33880,31758,Unchanged,36,False,4,19.15,-2122,-6.263282172373081,Mid,High,False
958,E0959,37,Other,Master,Finance,Auditor,15,Low,Medium,True,90102,89623,Modified,40,True,7,7.3,-479,-0.5316197198730328,Senior,Medium,False
959,E0960,44,Male,Bachelor,Finance,Accountant,20,High,Low,False,83997,106300,Unchanged,54,False,3,28.48,22303,26.552138766860722,Senior,Low,False
960,E0961,36,Male,Phd,Marketing,Seo specialist,11,High,Medium,True,50316,55333,Modified,35,True,8,25.89,5017,9.970983385006758,Senior,Medium,False
961,E0962,26,Other,High school,Manufacturing,Machine operator,3,High,Low,True,100821,85814,Unchanged,53,False,9,31.97,-15007,-14.884795826266354,Mid,Low,False
962,E0963,31,Other,Bachelor,Education,Administrator,8,High,High,False,45994,55882,Replaced,35,True,8,27.7,9888,21.498456320389618,Senior,High,True
963,E0964,59,Male,Phd,Retail,Cashier,35,High,Low,True,103313,137021,Unchanged,43,False,5,11.69,33708,32.62706532575765,Senior,Low,False
964,E0965,26,Male,Bachelor,Healthcare,Doctor,1,Medium,High,True,110052,103308,Unchanged,47,True,5,24.54,-6744,-6.12801221240868,Junior,High,False
965,E0966,47,Female,High school,Retail,Store manager,24,Medium,Low,True,63332,59535,Unchanged,36,False,7,3.2,-3797,-5.995389376618456,Senior,Low,False
966,E0967,36,Male,Master,Marketing,Digital marketer,13,Medium,Medium,False,77663,72517,Modified,53,False,9,24.16,-5146,-6.626063891428351,Senior,Medium,False
967,E0968,25,Male,High school,Manufacturing,Quality inspector,1,Low,High,False,43303,42950,Unchanged,35,True,8,35.84,-353,-0.8151860148257627,Junior,High,False
968,E0969,32,Male,Bachelor,Manufacturing,Supervisor,8,Low,Low,False,106768,114824,Unchanged,48,False,4,38.47,8056,7.545331934662071,Senior,Low,False
969,E0970,48,Female,Bachelor,It,Devops engineer,23,Low,High,True,34042,35817,Unchanged,37,False,5,32.76,1775,5.214147229892486,Senior,High,False
970,E0971,52,Other,Phd,Marketing,Content creator,27,Medium,Medium,True,91720,103234,Modified,53,False,4,15.3,11514,12.553423462712605,Senior,Medium,False
971,E0972,39,Other,High school,Healthcare,Nurse,14,Low,High,False,90924,92642,Unchanged,36,False,4,-16.69,1718,1.8894901236197266,Senior,High,False
972,E0973,59,Male,High school,Retail,Sales associate,33,High,Low,False,78542,93044,Unchanged,51,True,9,-1.3,14502,18.464006518805228,Senior,Low,False
973,E0974,27,Female,High school,Manufacturing,Supervisor,5,Medium,High,False,58036,58418,Unchanged,47,True,4,20.95,382,0.6582121441863671,Mid,High,False
974,E0975,59,Other,Master,Marketing,Seo specialist,34,High,Medium,True,45620,39924,Modified,35,True,7,19.33,-5696,-12.485751863217887,Senior,Medium,False
975,E0976,24,Male,High school,Healthcare,Technician,0,Low,High,False,60766,65847,Unchanged,45,False,7,6.94,5081,8.361583780403516,Junior,High,False
976,E0977,23,Female,Bachelor,It,Data analyst,0,High,High,False,33749,37144,Modified,40,True,8,14.37,3395,10.059557320216896,Junior,High,False
977,E0978,46,Female,Phd,Healthcare,Doctor,22,High,High,False,34551,32682,Modified,40,False,7,13.03,-1869,-5.40939480767561,Senior,High,False
978,E0979,29,Male,Bachelor,Retail,Cashier,5,Low,Medium,True,59685,64046,Modified,54,True,4,25.6,4361,7.306693474072212,Mid,Medium,False
979,E0980,52,Female,Master,Retail,Store manager,29,High,High,True,109096,121776,Replaced,44,False,7,14.95,12680,11.622790936422966,Senior,High,True
980,E0981,37,Other,Bachelor,Retail,Sales associate,12,High,Medium,False,119452,108766,Modified,43,True,7,-16.58,-10686,-8.94585272745538,Senior,Medium,False
981,E0982,37,Male,High school,Finance,Investment analyst,12,High,High,True,100309,92456,Modified,43,True,3,39.9,-7853,-7.828808980251025,Senior,High,False
982,E0983,48,Other,High school,Finance,Investment analyst,22,High,Low,True,47948,59510,Unchanged,42,False,9,17.54,11562,24.113623091682655,Senior,Low,False
983,E0984,50,Female,Master,Education,Professor,24,Low,Low,True,102233,100278,Unchanged,48,True,4,1.15,-1955,-1.9122983772363131,Senior,Low,False
984,E0985,46,Female,Phd,Healthcare,Technician,24,Low,Medium,True,109732,114446,Modified,44,True,6,-15.36,4714,4.295920971093209,Senior,Medium,False
985,E0986,46,Male,Master,Education,Teacher,20,High,Medium,False,95602,111027,Modified,36,False,4,-0.66,15425,16.134599694567058,Senior,Medium,False
986,E0987,39,Female,High school,It,Data analyst,16,Low,High,True,32251,33893,Unchanged,50,True,6,9.83,1642,5.091314997984559,Senior,High,False
987,E0988,22,Other,High school,Marketing,Digital marketer,0,Low,High,False,90624,91965,Unchanged,47,True,8,-18.02,1341,1.479740466101695,Junior,High,False
988,E0989,24,Female,Master,Marketing,Content creator,0,High,Low,True,100871,94942,Unchanged,47,True,3,9.66,-5929,-5.877804324335042,Junior,Low,False
989,E0990,45,Other,Master,Marketing,Digital marketer,22,High,Low,True,50002,69285,Unchanged,42,False,5,-6.66,19283,38.56445742170313,Senior,Low,False
990,E0991,38,Female,Bachelor,Education,Professor,14,Low,High,False,96830,101914,Unchanged,49,True,4,15.62,5084,5.250438913559847,Senior,High,False
991,E0992,25,Other,High school,Retail,Cashier,1,High,High,False,52340,54605,Replaced,52,True,4,39.05,2265,4.327474207107375,Junior,High,True
992,E0993,44,Other,High school,Finance,Auditor,20,Low,High,False,76118,82762,Unchanged,35,True,7,-4.06,6644,8.728553036075567,Senior,High,False
993,E0994,36,Male,Phd,Education,Administrator,13,Medium,High,True,43288,46928,Unchanged,54,False,4,-6.61,3640,8.408796895213454,Senior,High,False
994,E0995,57,Other,Bachelor,Manufacturing,Quality inspector,32,Medium,Low,True,80508,79741,Unchanged,50,True,8,-8.7,-767,-0.9527003527599741,Senior,Low,False
995,E0996,57,Female,High school,Education,Teacher,35,Medium,High,True,97288,102583,Unchanged,39,False,5,10.8,5295,5.442603404325302,Senior,High,False
996,E0997,43,Male,Master,Healthcare,Technician,19,Medium,High,False,31132,29860,Unchanged,38,True,6,-14.14,-1272,-4.085828086855968,Senior,High,False
997,E0998,57,Male,Master,Manufacturing,Supervisor,32,Medium,Low,True,103169,103810,Unchanged,36,False,7,19.35,641,0.6213106650253468,Senior,Low,False
998,E0999,57,Male,Bachelor,Education,Teacher,32,Low,Medium,True,76694,73062,Modified,51,True,6,-13.83,-3632,-4.735702923305604,Senior,Medium,False
999,E1000,52,Other,Bachelor,Healthcare,Doctor,28,High,Low,False,69390,96797,Unchanged,54,False,8,-10.18,27407,39.49704568381611,Senior,Low,False
1000,E1001,35,Male,High school,Manufacturing,Machine operator,11,High,High,True,87184,121304,Replaced,49,False,5,21.2,34120,39.13562121490182,Senior,High,True
1001,E1002,41,Male,Master,Manufacturing,Quality inspector,18,Medium,High,False,47138,45586,Unchanged,52,False,6,31.43,-1552,-3.292460435317578,Senior,High,False
1002,E1003,33,Male,Phd,Retail,Sales associate,7,Low,High,False,54845,55704,Unchanged,51,False,4,-1.38,859,1.5662321086698876,Senior,High,False
1003,E1004,53,Other,Master,Finance,Auditor,30,Medium,Medium,False,57818,55067,Modified,43,False,3,32.48,-2751,-4.758033830295064,Senior,Medium,False
1004,E1005,54,Other,Bachelor,Marketing,Digital marketer,29,Low,Medium,True,89025,88152,Modified,52,True,8,34.73,-873,-0.9806234203875317,Senior,Medium,False
1005,E1006,46,Female,Master,Manufacturing,Machine operator,23,High,Medium,True,93644,113153,Modified,52,True,3,-2.03,19509,20.833155354320617,Senior,Medium,False
1006,E1007,37,Male,High school,Finance,Investment analyst,13,Medium,Medium,False,56498,57716,Modified,40,False,7,15.76,1218,2.1558285249035367,Senior,Medium,False
1007,E1008,39,Female,Phd,Finance,Auditor,16,Medium,Medium,True,60974,58120,Modified,40,True,7,-19.58,-2854,-4.6806835700462495,Senior,Medium,False
1008,E1009,25,Male,Master,Healthcare,Technician,3,Medium,Medium,True,80227,94246,Modified,46,False,7,10.17,14019,17.474167050992808,Mid,Medium,False
1009,E1010,26,Male,Bachelor,Healthcare,Nurse,0,Low,Medium,False,39247,41607,Modified,52,False,6,11.3,2360,6.0131984610288685,Junior,Medium,False
1010,E1011,50,Other,Master,Healthcare,Technician,26,High,Low,False,116489,119632,Unchanged,36,False,8,-14.7,3143,2.6981088343105357,Senior,Low,False
1011,E1012,24,Other,High school,Retail,Cashier,0,Low,Medium,False,74722,72852,Modified,43,False,4,39.17,-1870,-2.502609673188619,Junior,Medium,False
1012,E1013,52,Other,Bachelor,It,Devops engineer,27,Medium,Medium,True,58718,69206,Modified,48,True,7,9.8,10488,17.86164378895739,Senior,Medium,False
1013,E1014,31,Other,High school,Healthcare,Nurse,7,High,Low,True,72968,91334,Unchanged,40,True,8,10.0,18366,25.169937506852317,Senior,Low,False
1014,E1015,24,Male,Bachelor,Manufacturing,Quality inspector,0,Low,High,True,72498,74033,Unchanged,40,True,5,28.96,1535,2.117299787580347,Junior,High,False
1015,E1016,33,Female,High school,Retail,Sales associate,11,High,Low,False,105235,122344,Unchanged,52,True,7,17.8,17109,16.257898987979285,Senior,Low,False
1016,E1017,57,Other,Bachelor,Manufacturing,Machine operator,32,Medium,High,False,68445,74818,Unchanged,52,True,5,-3.37,6373,9.311125721382131,Senior,High,False
1017,E1018,51,Other,High school,It,Data analyst,28,Low,High,False,51304,56119,Unchanged,42,True,3,-8.46,4815,9.385233120224544,Senior,High,False
1018,E1019,40,Other,Bachelor,Finance,Auditor,14,High,Low,True,36862,29912,Unchanged,42,True,4,21.39,-6950,-18.854104497856873,Senior,Low,False
1019,E1020,48,Male,Bachelor,Retail,Cashier,24,Medium,High,True,72879,69955,Unchanged,43,True,3,25.03,-2924,-4.012129694425006,Senior,High,False
1020,E1021,40,Female,Bachelor,It,Data analyst,14,Medium,Medium,False,77058,75575,Modified,41,True,4,38.94,-1483,-1.9245243842300606,Senior,Medium,False
1021,E1022,53,Other,Phd,Manufacturing,Machine operator,28,Low,High,False,51575,50827,Unchanged,39,False,3,17.68,-748,-1.4503150751333012,Senior,High,False
1022,E1023,47,Female,Bachelor,Retail,Store manager,21,High,High,True,65790,86856,Modified,35,False,5,20.16,21066,32.02006383948928,Senior,High,False
1023,E1024,39,Male,Phd,Marketing,Seo specialist,16,Medium,Medium,False,42404,46137,Modified,41,True,3,1.52,3733,8.803414772191303,Senior,Medium,False
1024,E1025,47,Male,Master,Healthcare,Nurse,25,Low,High,False,91313,99304,Unchanged,40,False,4,28.05,7991,8.751218336929025,Senior,High,False
1025,E1026,45,Male,Master,Finance,Investment analyst,22,Low,Medium,False,35544,36391,Modified,40,True,8,-8.46,847,2.3829619626378573,Senior,Medium,False
1026,E1027,43,Male,High school,Healthcare,Technician,20,Low,High,True,50390,54936,Unchanged,53,False,9,18.23,4546,9.021631276046834,Senior,High,False
1027,E1028,28,Other,High school,It,Data analyst,5,Medium,High,False,46984,51066,Unchanged,43,False,9,6.81,4082,8.688064021794654,Mid,High,False
1028,E1029,23,Other,High school,Manufacturing,Quality inspector,1,Medium,Medium,True,75836,89492,Modified,37,True,8,35.96,13656,18.007278864919034,Junior,Medium,False
1029,E1030,24,Male,Bachelor,Manufacturing,Quality inspector,1,Medium,Medium,False,106407,123064,Modified,51,False,5,1.53,16657,15.654045316567519,Junior,Medium,False
1030,E1031,24,Female,Master,Marketing,Content creator,1,Low,High,False,100246,99841,Unchanged,37,False,5,37.73,-405,-0.4040061448835864,Junior,High,False
1031,E1032,51,Other,Master,It,Devops engineer,26,Low,Medium,True,50608,53189,Modified,52,True,6,16.87,2581,5.099984192222574,Senior,Medium,False
1032,E1033,34,Male,Phd,It,Data analyst,12,High,High,False,84401,68770,Modified,37,True,8,4.41,-15631,-18.51992274973045,Senior,High,False
1033,E1034,57,Female,Master,Marketing,Digital marketer,33,Low,Medium,False,39718,42501,Modified,50,True,8,30.74,2783,7.006898635379424,Senior,Medium,False
1034,E1035,36,Other,Master,It,Data analyst,11,Medium,Medium,True,75406,73166,Modified,44,True,3,-18.82,-2240,-2.9705858950216166,Senior,Medium,False
1035,E1036,53,Male,Phd,Manufacturing,Quality inspector,29,Low,Low,True,55345,54809,Unchanged,53,True,4,39.88,-536,-0.968470503207155,Senior,Low,False
1036,E1037,50,Other,High school,It,Data analyst,26,High,Medium,True,88701,110451,Modified,37,False,8,-18.11,21750,24.5205803767714,Senior,Medium,False
1037,E1038,47,Other,Bachelor,Marketing,Seo specialist,24,Low,Low,False,80568,84077,Unchanged,35,True,7,-11.96,3509,4.355327177042994,Senior,Low,False
1038,E1039,48,Female,Phd,Marketing,Content creator,25,High,Medium,False,116394,121501,Modified,38,False,6,26.31,5107,4.3876832139113695,Senior,Medium,False
1039,E1040,38,Female,Bachelor,Education,Professor,14,Low,Low,True,92119,92231,Unchanged,41,False,6,-7.06,112,0.12158186693298884,Senior,Low,False
1040,E1041,23,Other,High school,Manufacturing,Supervisor,0,Low,High,False,113028,123521,Unchanged,51,True,4,-17.01,10493,9.283540361680291,Junior,High,False
1041,E1042,45,Male,Bachelor,Marketing,Seo specialist,23,High,High,False,85718,101754,Replaced,45,True,9,-18.98,16036,18.707855992906975,Senior,High,True
1042,E1043,23,Female,High school,Retail,Store manager,1,Medium,High,False,98322,89950,Unchanged,39,False,6,15.96,-8372,-8.514879681047985,Junior,High,False
1043,E1044,42,Male,High school,Marketing,Content creator,16,Medium,Medium,True,53806,61631,Modified,36,False,3,20.04,7825,14.542987770880572,Senior,Medium,False
1044,E1045,53,Other,Phd,Finance,Auditor,30,Low,Medium,True,30453,30407,Modified,35,True,5,29.15,-46,-0.15105244146717894,Senior,Medium,False
1045,E1046,26,Male,Phd,Manufacturing,Supervisor,0,Medium,Low,False,107707,116574,Unchanged,37,False,6,-14.97,8867,8.232519706240076,Junior,Low,False
1046,E1047,51,Female,Bachelor,Education,Professor,25,High,Medium,False,32017,37655,Modified,49,True,8,-4.81,5638,17.609395008901522,Senior,Medium,False
1047,E1048,24,Other,Bachelor,Education,Professor,0,Medium,Medium,False,49252,58133,Modified,42,True,8,-7.61,8881,18.03175505563226,Junior,Medium,False
1048,E1049,54,Female,High school,Education,Teacher,31,Low,Low,True,95747,98804,Unchanged,46,False,7,-14.63,3057,3.1927893302140014,Senior,Low,False
1049,E1050,46,Male,High school,It,Data analyst,21,High,Medium,False,118534,102022,Modified,52,True,9,17.39,-16512,-13.930180370189143,Senior,Medium,False
1050,E1051,57,Male,Master,It,Devops engineer,35,Medium,High,True,77934,76550,Unchanged,44,True,4,-0.8,-1384,-1.7758616265044782,Senior,High,False
1051,E1052,39,Male,Phd,It,Data analyst,14,High,Medium,True,65929,54503,Modified,37,True,4,-2.65,-11426,-17.330764913770874,Senior,Medium,False
1052,E1053,39,Female,Bachelor,Manufacturing,Quality inspector,13,High,High,False,107462,140979,Modified,35,False,3,14.88,33517,31.189629822634977,Senior,High,False
1053,E1054,42,Other,High school,Marketing,Seo specialist,20,Medium,Low,True,57626,68291,Unchanged,54,True,8,12.14,10665,18.507271023496337,Senior,Low,False
1054,E1055,40,Other,Master,Finance,Accountant,14,Medium,Medium,False,37526,37611,Modified,48,False,3,28.33,85,0.2265096199968022,Senior,Medium,False
1055,E1056,39,Female,Phd,Education,Professor,17,Medium,Low,False,104656,123531,Unchanged,53,False,5,23.56,18875,18.035277480507567,Senior,Low,False
1056,E1057,27,Other,Bachelor,It,Devops engineer,3,High,High,True,119719,130719,Modified,38,True,4,0.04,11000,9.188182326948938,Mid,High,False
1057,E1058,31,Other,High school,Healthcare,Technician,5,Medium,Low,True,45882,45493,Unchanged,51,False,9,-9.87,-389,-0.8478270345669326,Mid,Low,False
1058,E1059,37,Female,Master,Manufacturing,Quality inspector,13,Low,High,False,76073,75582,Unchanged,37,False,3,-15.08,-491,-0.6454326765080909,Senior,High,False
1059,E1060,42,Other,Phd,It,Software engineer,19,High,Medium,False,53535,51122,Modified,54,True,3,-5.39,-2413,-4.507331652190156,Senior,Medium,False
1060,E1061,23,Female,Phd,Finance,Accountant,1,Low,High,True,58251,61140,Unchanged,54,True,8,-5.75,2889,4.959571509501983,Junior,High,False
1061,E1062,54,Female,Master,Manufacturing,Quality inspector,32,Medium,Medium,False,40702,42280,Modified,41,False,8,29.1,1578,3.8769593631762564,Senior,Medium,False
1062,E1063,52,Other,Phd,It,Data analyst,28,Medium,Medium,False,114585,112322,Modified,38,False,4,11.15,-2263,-1.974953091591395,Senior,Medium,False
1063,E1064,45,Other,High school,It,Software engineer,19,Medium,Medium,True,110373,123664,Modified,54,True,4,-0.71,13291,12.041894303860545,Senior,Medium,False
1064,E1065,39,Male,Bachelor,Manufacturing,Quality inspector,13,Medium,Low,True,56393,59103,Unchanged,42,True,6,7.21,2710,4.805560973879737,Senior,Low,False
1065,E1066,43,Other,Bachelor,Marketing,Digital marketer,19,Medium,Medium,True,82066,83298,Modified,51,False,9,30.23,1232,1.5012307167401846,Senior,Medium,False
1066,E1067,57,Male,Master,Healthcare,Doctor,33,Medium,Low,True,112315,120900,Unchanged,39,False,9,20.02,8585,7.643680719405244,Senior,Low,False
1067,E1068,50,Other,High school,Marketing,Digital marketer,27,Medium,High,False,115610,106736,Unchanged,49,True,6,-18.92,-8874,-7.675806591125335,Senior,High,False
1068,E1069,25,Female,High school,It,Software engineer,2,High,High,False,82389,97420,Replaced,45,True,6,28.11,15031,18.243940331840417,Junior,High,True
1069,E1070,23,Female,Phd,Marketing,Digital marketer,0,Low,High,False,105164,101767,Unchanged,52,True,8,25.39,-3397,-3.2301928416568404,Junior,High,False
1070,E1071,31,Male,High school,Education,Professor,7,Medium,High,False,104632,123869,Unchanged,46,False,5,14.79,19237,18.385388791191986,Senior,High,False
1071,E1072,35,Other,High school,It,Software engineer,10,High,Low,False,71034,58211,Unchanged,45,False,9,24.6,-12823,-18.051918799448153,Senior,Low,False
1072,E1073,40,Male,High school,Marketing,Digital marketer,14,High,Low,True,33771,45722,Unchanged,47,False,7,-19.05,11951,35.38835095200024,Senior,Low,False
1073,E1074,25,Male,High school,Education,Professor,0,Low,Low,False,62376,68487,Unchanged,52,True,3,-16.64,6111,9.79703732204694,Junior,Low,False
1074,E1075,29,Other,Phd,Retail,Cashier,5,Low,High,False,81952,78524,Unchanged,36,False,8,30.19,-3428,-4.182936352987114,Mid,High,False
1075,E1076,43,Male,Bachelor,Education,Administrator,19,High,Medium,False,59283,67760,Modified,49,False,9,-0.1,8477,14.299208879442673,Senior,Medium,False
1076,E1077,50,Other,Phd,Retail,Cashier,28,Medium,Medium,False,48653,57947,Modified,51,False,8,-18.68,9294,19.102624709678746,Senior,Medium,False
1077,E1078,27,Male,Phd,Healthcare,Doctor,3,Medium,High,False,68231,64184,Unchanged,39,False,8,-11.26,-4047,-5.931321540062435,Mid,High,False
1078,E1079,55,Female,Master,Marketing,Seo specialist,31,Low,Low,True,33285,32398,Unchanged,46,False,6,-5.39,-887,-2.664864052876671,Senior,Low,False
1079,E1080,49,Female,Phd,Finance,Investment analyst,24,High,Low,False,102390,106640,Unchanged,44,True,5,35.2,4250,4.150795976169548,Senior,Low,False
1080,E1081,50,Male,Phd,Education,Teacher,27,Medium,High,True,83019,86763,Unchanged,42,True,4,-1.07,3744,4.509811007118852,Senior,High,False
1081,E1082,29,Other,High school,Finance,Investment analyst,4,Medium,High,True,37642,44398,Unchanged,36,True,8,-13.71,6756,17.948036767440627,Mid,High,False
1082,E1083,29,Female,High school,Marketing,Digital marketer,6,High,Medium,True,84712,107443,Modified,42,False,6,1.7,22731,26.83327037491737,Mid,Medium,False
1083,E1084,49,Male,High school,Healthcare,Doctor,23,Low,Low,True,45089,49299,Unchanged,46,True,3,-15.78,4210,9.33708886868194,Senior,Low,False
1084,E1085,28,Male,Master,Marketing,Seo specialist,3,Medium,Low,False,43163,41106,Unchanged,54,False,5,2.72,-2057,-4.765655769988184,Mid,Low,False
1085,E1086,32,Other,Master,Retail,Sales associate,8,High,Medium,False,62214,83141,Modified,48,False,4,35.19,20927,33.6371234770309,Senior,Medium,False
1086,E1087,40,Female,High school,Marketing,Digital marketer,17,Low,Medium,True,98104,104337,Modified,50,True,7,16.4,6233,6.353461632553209,Senior,Medium,False
1087,E1088,46,Male,High school,Manufacturing,Quality inspector,21,Medium,Medium,False,95131,101509,Modified,49,False,5,33.51,6378,6.70443914181497,Senior,Medium,False
1088,E1089,31,Other,Bachelor,Retail,Store manager,6,Low,High,True,78114,74644,Unchanged,49,True,8,35.06,-3470,-4.442225465345521,Mid,High,False
1089,E1090,54,Male,Phd,It,Data analyst,31,Medium,Medium,True,52301,55224,Modified,52,True,5,-8.57,2923,5.588803273359974,Senior,Medium,False
1090,E1091,23,Female,Phd,Healthcare,Doctor,0,Medium,Medium,True,58469,67769,Modified,46,False,7,0.46,9300,15.905864646222783,Junior,Medium,False
1091,E1092,51,Other,Master,Manufacturing,Supervisor,28,High,Low,True,87089,93329,Unchanged,46,False,9,30.13,6240,7.165083994534327,Senior,Low,False
1092,E1093,29,Female,Master,It,Software engineer,3,High,Medium,True,111653,113745,Modified,46,True,9,30.62,2092,1.873662149695933,Mid,Medium,False
1093,E1094,40,Male,Master,Manufacturing,Quality inspector,16,High,Medium,False,52784,64827,Modified,42,True,7,-7.55,12043,22.815625947256745,Senior,Medium,False
1094,E1095,38,Other,Bachelor,Education,Teacher,16,Low,Medium,False,54161,53914,Modified,52,True,9,24.68,-247,-0.45604770960654345,Senior,Medium,False
1095,E1096,36,Other,High school,Finance,Auditor,10,High,Medium,False,76389,100899,Modified,48,True,4,32.88,24510,32.085771511605074,Senior,Medium,False
1096,E1097,43,Male,Master,Education,Teacher,19,Low,High,True,89055,90515,Unchanged,51,False,8,9.12,1460,1.6394363034080064,Senior,High,False
1097,E1098,59,Other,Phd,Manufacturing,Supervisor,33,High,Low,True,31242,25246,Unchanged,49,False,6,1.77,-5996,-19.192113180974328,Senior,Low,False
1098,E1099,38,Female,High school,Finance,Auditor,16,Medium,High,True,81507,91167,Unchanged,35,True,6,-1.01,9660,11.851742795097353,Senior,High,False
1099,E1100,50,Other,Phd,Finance,Investment analyst,24,Medium,Low,True,63172,62816,Unchanged,40,True,5,-14.94,-356,-0.5635408092192744,Senior,Low,False
1100,E1101,34,Male,Phd,It,Devops engineer,12,High,Low,True,39491,40109,Unchanged,44,True,3,-15.11,618,1.564913524600542,Senior,Low,False
1101,E1102,24,Male,Bachelor,Healthcare,Nurse,0,High,Low,True,65851,87113,Unchanged,45,True,8,-5.75,21262,32.28804422104448,Junior,Low,False
1102,E1103,57,Other,Bachelor,Finance,Auditor,31,Medium,Medium,True,58365,65568,Modified,38,True,7,-9.91,7203,12.34130043690568,Senior,Medium,False
1103,E1104,51,Other,Master,Marketing,Seo specialist,26,Low,Medium,False,49276,51779,Modified,38,False,6,18.13,2503,5.079551911681143,Senior,Medium,False
1104,E1105,37,Male,Bachelor,Education,Administrator,11,Medium,Low,True,111335,120116,Unchanged,41,True,6,22.58,8781,7.887007679525755,Senior,Low,False
1105,E1106,28,Other,High school,Retail,Cashier,4,Medium,Medium,True,100198,113500,Modified,42,False,3,6.81,13302,13.275714086109502,Mid,Medium,False
1106,E1107,55,Female,Phd,Manufacturing,Quality inspector,29,High,Medium,True,60028,72283,Modified,46,False,3,-16.11,12255,20.41547277936963,Senior,Medium,False
1107,E1108,23,Male,Bachelor,Education,Teacher,0,Medium,High,False,104353,112142,Unchanged,42,False,9,1.41,7789,7.464088238958151,Junior,High,False
1108,E1109,54,Female,Bachelor,Marketing,Content creator,29,Low,Low,False,76761,80568,Unchanged,42,False,8,0.3,3807,4.959549771368272,Senior,Low,False
1109,E1110,48,Male,Bachelor,Healthcare,Nurse,26,High,High,True,113276,139427,Replaced,39,False,4,14.89,26151,23.086090610544158,Senior,High,True
1110,E1111,26,Male,Master,Finance,Investment analyst,0,High,High,False,98906,80776,Replaced,41,False,9,-5.2,-18130,-18.330536064546134,Junior,High,True
1111,E1112,59,Other,High school,Retail,Store manager,35,Medium,Medium,False,75117,84340,Modified,52,True,8,-3.21,9223,12.278179373510657,Senior,Medium,False
1112,E1113,29,Female,Bachelor,Healthcare,Nurse,7,High,Medium,True,47459,59328,Modified,44,False,6,21.6,11869,25.008955098084662,Senior,Medium,False
1113,E1114,48,Other,High school,Retail,Sales associate,23,Medium,High,False,101017,104260,Unchanged,52,False,6,12.93,3243,3.2103507330449332,Senior,High,False
1114,E1115,37,Male,High school,Finance,Accountant,15,Medium,Medium,False,111426,117756,Modified,40,False,7,-18.58,6330,5.680900328469118,Senior,Medium,False
1115,E1116,50,Other,Master,Healthcare,Doctor,28,High,Low,True,115435,151675,Unchanged,43,False,9,3.76,36240,31.394291159527004,Senior,Low,False
1116,E1117,33,Male,Master,Retail,Cashier,11,Low,Medium,True,38593,41279,Modified,46,True,5,-3.83,2686,6.959811364755267,Senior,Medium,False
1117,E1118,56,Male,Master,Retail,Cashier,33,Low,High,False,56853,59014,Unchanged,39,True,4,-13.83,2161,3.801030728369655,Senior,High,False
1118,E1119,37,Other,Phd,Education,Teacher,15,High,Low,False,60815,66637,Unchanged,45,True,4,-9.15,5822,9.573296061826852,Senior,Low,False
1119,E1120,33,Female,High school,Healthcare,Nurse,7,Medium,Low,True,63349,67697,Unchanged,43,True,4,13.16,4348,6.863565328576615,Senior,Low,False
1120,E1121,50,Male,High school,It,Devops engineer,26,Low,Medium,True,98371,93931,Modified,52,True,4,15.72,-4440,-4.5135253275863825,Senior,Medium,False
1121,E1122,32,Other,Bachelor,Manufacturing,Quality inspector,10,High,High,False,42062,40922,Modified,52,True,9,16.24,-1140,-2.7102848176501353,Senior,High,False
1122,E1123,44,Other,Phd,Manufacturing,Supervisor,22,Low,Low,False,40940,41384,Unchanged,36,False,3,-17.54,444,1.0845139228138738,Senior,Low,False
1123,E1124,51,Other,Phd,Retail,Store manager,29,High,High,True,104554,100458,Modified,52,True,7,28.69,-4096,-3.917592822847524,Senior,High,False
1124,E1125,48,Other,Phd,Healthcare,Doctor,24,High,Low,True,91245,124131,Unchanged,44,True,5,25.98,32886,36.041426927502876,Senior,Low,False
1125,E1126,59,Female,Phd,Education,Professor,35,High,Medium,False,50968,62607,Modified,39,False,3,35.48,11639,22.835897033432744,Senior,Medium,False
1126,E1127,33,Male,High school,Education,Teacher,7,Low,High,False,116338,118940,Unchanged,53,False,9,17.35,2602,2.2365864979628327,Senior,High,False
1127,E1128,27,Other,Bachelor,Healthcare,Nurse,4,Medium,Medium,False,32739,33232,Modified,51,False,3,5.46,493,1.505849292892269,Mid,Medium,False
1128,E1129,33,Other,Phd,Education,Professor,7,Medium,Low,False,57785,64245,Unchanged,51,True,6,-5.71,6460,11.17937180929307,Senior,Low,False
1129,E1130,42,Female,Phd,Retail,Sales associate,16,High,High,False,105379,107813,Modified,44,True,3,-18.45,2434,2.309758111198626,Senior,High,False
1130,E1131,50,Other,Master,Finance,Accountant,28,Low,Medium,True,112886,115275,Modified,46,True,5,-19.4,2389,2.1162943146182873,Senior,Medium,False
1131,E1132,25,Other,Bachelor,It,Data analyst,0,High,Medium,True,98827,133325,Modified,44,True,7,31.27,34498,34.90746455928036,Junior,Medium,False
1132,E1133,45,Male,Bachelor,Marketing,Seo specialist,23,Low,High,False,35409,37882,Unchanged,47,False,9,10.51,2473,6.984100087548363,Senior,High,False
1133,E1134,23,Female,Master,It,Software engineer,1,Medium,High,False,56145,54331,Unchanged,36,False,7,-7.29,-1814,-3.230919939442515,Junior,High,False
1134,E1135,37,Male,High school,Healthcare,Doctor,11,High,High,False,53332,74618,Replaced,53,False,9,-18.51,21286,39.912247806195154,Senior,High,True
1135,E1136,59,Female,Master,Healthcare,Nurse,33,Medium,Medium,True,36372,38786,Modified,40,True,7,34.1,2414,6.636973496095898,Senior,Medium,False
1136,E1137,47,Female,High school,Manufacturing,Machine operator,25,High,High,True,99586,119661,Modified,41,True,4,33.3,20075,20.158456007872594,Senior,High,False
1137,E1138,40,Other,Master,Healthcare,Doctor,15,High,Medium,True,47733,61240,Modified,41,True,3,38.04,13507,28.296985314143253,Senior,Medium,False
1138,E1139,46,Other,Master,Finance,Investment analyst,24,Medium,Low,True,71152,74769,Unchanged,45,True,3,-11.33,3617,5.083483247132898,Senior,Low,False
1139,E1140,22,Other,High school,Education,Teacher,0,Medium,High,False,73876,79468,Unchanged,52,True,3,-19.49,5592,7.5694406843900595,Junior,High,False
1140,E1141,35,Other,High school,Finance,Accountant,11,Medium,Low,True,93888,85990,Unchanged,39,True,4,25.3,-7898,-8.412150647580095,Senior,Low,False
1141,E1142,38,Male,High school,Marketing,Seo specialist,12,Low,Low,True,53704,54268,Unchanged,38,True,6,20.59,564,1.0502011023387456,Senior,Low,False
1142,E1143,27,Female,Phd,Healthcare,Nurse,2,High,Medium,True,117700,133715,Modified,41,True,6,3.19,16015,13.606627017841971,Junior,Medium,False
1143,E1144,54,Other,Phd,Education,Teacher,29,Medium,Medium,False,77952,71978,Modified,50,True,6,22.41,-5974,-7.663690476190476,Senior,Medium,False
1144,E1145,50,Female,Phd,Education,Professor,25,Medium,Low,True,96055,102843,Unchanged,35,False,4,32.9,6788,7.0667846546249535,Senior,Low,False
1145,E1146,36,Male,Master,Finance,Investment analyst,11,Low,Low,True,115193,120995,Unchanged,47,False,3,4.62,5802,5.036764386724888,Senior,Low,False
1146,E1147,26,Other,Master,Retail,Store manager,3,Medium,Low,False,71548,81361,Unchanged,37,False,9,7.24,9813,13.715268071783976,Mid,Low,False
1147,E1148,51,Male,High school,It,Data analyst,27,Medium,High,True,60255,70662,Unchanged,46,True,7,-18.25,10407,17.27159571819766,Senior,High,False
1148,E1149,38,Other,Master,It,Software engineer,16,Medium,Low,True,33412,36048,Unchanged,45,True,3,1.96,2636,7.889381060696755,Senior,Low,False
1149,E1150,55,Other,High school,It,Data analyst,32,Medium,Medium,False,31353,29431,Modified,46,True,5,12.21,-1922,-6.130194877683157,Senior,Medium,False
1150,E1151,44,Male,Phd,It,Devops engineer,20,High,Medium,False,56872,53953,Modified,40,False,4,-17.82,-2919,-5.132578421718948,Senior,Medium,False
1151,E1152,43,Other,Phd,Finance,Auditor,21,Low,Medium,False,45438,46585,Modified,50,True,8,23.53,1147,2.5243188520621507,Senior,Medium,False
1152,E1153,27,Other,High school,Retail,Store manager,3,High,Low,False,115184,148704,Unchanged,46,False,8,-9.7,33520,29.101264064453396,Mid,Low,False
1153,E1154,32,Other,High school,Healthcare,Doctor,7,Low,High,True,65825,69440,Unchanged,54,False,9,4.72,3615,5.491834409418914,Senior,High,False
1154,E1155,54,Other,Phd,Retail,Sales associate,28,Low,Medium,False,90561,98908,Modified,43,True,9,-15.84,8347,9.21699186183898,Senior,Medium,False
1155,E1156,31,Other,High school,Manufacturing,Quality inspector,6,Low,Medium,True,65201,69338,Modified,40,True,5,27.65,4137,6.344994708670113,Mid,Medium,False
1156,E1157,32,Male,Master,Healthcare,Technician,6,Low,High,False,59299,62777,Unchanged,52,True,4,-8.63,3478,5.865191655845798,Mid,High,False
1157,E1158,28,Other,Phd,Education,Administrator,5,Medium,Medium,True,42881,42717,Modified,42,False,6,-9.3,-164,-0.38245376740281245,Mid,Medium,False
1158,E1159,55,Other,Bachelor,Marketing,Digital marketer,31,Low,Medium,False,37833,36791,Modified,39,False,5,-16.07,-1042,-2.7542092881875613,Senior,Medium,False
1159,E1160,22,Other,High school,It,Devops engineer,0,High,Medium,True,116784,150069,Modified,38,True,9,3.28,33285,28.501335799424577,Junior,Medium,False
1160,E1161,33,Female,Master,Healthcare,Doctor,8,Medium,High,False,41345,47042,Unchanged,48,True,6,-3.25,5697,13.779175232797195,Senior,High,False
1161,E1162,26,Female,High school,Finance,Auditor,2,High,High,True,65771,57814,Modified,47,True,8,31.52,-7957,-12.098037128825775,Junior,High,False
1162,E1163,47,Female,Phd,It,Data analyst,24,High,High,False,79573,94951,Modified,53,True,5,-6.01,15378,19.325650660399884,Senior,High,False
1163,E1164,50,Male,Phd,Marketing,Digital marketer,24,High,Low,True,34944,28293,Unchanged,45,True,5,2.36,-6651,-19.033310439560438,Senior,Low,False
1164,E1165,31,Male,Bachelor,Marketing,Seo specialist,7,High,High,False,61629,64658,Modified,44,True,4,-2.99,3029,4.914893962258028,Senior,High,False
1165,E1166,22,Other,High school,Finance,Investment analyst,0,Medium,High,True,118697,120447,Unchanged,41,True,9,-1.73,1750,1.4743422327438773,Junior,High,False
1166,E1167,48,Male,Phd,It,Devops engineer,26,Low,Medium,True,45893,46760,Modified,43,True,6,29.08,867,1.8891769986708211,Senior,Medium,False
1167,E1168,40,Other,Phd,Retail,Store manager,15,High,High,True,91607,91931,Modified,52,True,6,9.89,324,0.35368476208150035,Senior,High,False
1168,E1169,30,Female,Phd,Retail,Store manager,6,Low,Low,True,45407,46118,Unchanged,39,False,3,-6.16,711,1.565837866408263,Mid,Low,False
1169,E1170,58,Other,Phd,Finance,Investment analyst,34,Low,High,True,56613,57414,Unchanged,42,True,7,15.76,801,1.4148693762916644,Senior,High,False
1170,E1171,54,Other,Phd,Retail,Sales associate,31,High,Medium,True,75853,82259,Modified,45,False,3,-19.75,6406,8.44528232238672,Senior,Medium,False
1171,E1172,31,Female,Bachelor,Education,Administrator,6,Medium,Low,True,107400,102391,Unchanged,36,True,3,33.31,-5009,-4.663873370577281,Mid,Low,False
1172,E1173,40,Female,Master,Finance,Accountant,18,High,Low,True,86866,114411,Unchanged,35,False,4,8.63,27545,31.709759860014273,Senior,Low,False
1173,E1174,42,Other,High school,It,Software engineer,20,Low,High,True,67563,71761,Unchanged,39,False,3,39.99,4198,6.213460029898021,Senior,High,False
1174,E1175,43,Other,High school,It,Software engineer,21,Medium,High,True,57862,53576,Unchanged,43,False,8,-19.91,-4286,-7.40727938889081,Senior,High,False
1175,E1176,55,Other,Master,Marketing,Content creator,33,High,Medium,True,81259,68087,Modified,40,False,7,15.89,-13172,-16.209896749898473,Senior,Medium,False
1176,E1177,52,Other,Phd,Education,Teacher,29,High,Medium,False,80617,111658,Modified,49,False,4,-6.06,31041,38.50428569656524,Senior,Medium,False
1177,E1178,57,Other,Bachelor,Marketing,Content creator,31,High,Medium,True,93171,110096,Modified,50,False,5,-10.12,16925,18.16552360713097,Senior,Medium,False
1178,E1179,59,Female,Master,Finance,Investment analyst,36,Medium,Low,False,63892,66193,Unchanged,44,False,9,39.36,2301,3.601389845364052,Senior,Low,False
1179,E1180,39,Female,Master,It,Software engineer,17,Low,Low,True,91716,94052,Unchanged,54,False,4,-1.04,2336,2.5469928910986086,Senior,Low,False
1180,E1181,44,Female,High school,Healthcare,Nurse,22,Low,Medium,True,69291,74784,Modified,41,False,7,13.86,5493,7.927436463609992,Senior,Medium,False
1181,E1182,31,Female,Phd,Finance,Accountant,6,Medium,High,False,76144,70963,Unchanged,49,False,3,21.3,-5181,-6.8042130699726835,Mid,High,False
1182,E1183,49,Female,High school,Marketing,Digital marketer,23,Medium,High,True,111552,118027,Unchanged,45,True,6,-16.57,6475,5.804467871485944,Senior,High,False
1183,E1184,53,Female,Master,Retail,Store manager,29,Low,Medium,False,85612,86895,Modified,49,False,3,27.98,1283,1.4986216885483343,Senior,Medium,False
1184,E1185,31,Other,Bachelor,Finance,Investment analyst,5,Medium,Medium,False,36458,34777,Modified,51,False,5,-14.01,-1681,-4.610785012891546,Mid,Medium,False
1185,E1186,41,Other,Phd,It,Software engineer,19,Medium,Low,False,102833,96587,Unchanged,37,False,3,-5.87,-6246,-6.073925685334474,Senior,Low,False
1186,E1187,43,Male,Phd,Education,Professor,18,Low,Low,True,30801,33766,Unchanged,40,True,4,37.95,2965,9.62631083406383,Senior,Low,False
1187,E1188,23,Other,Master,Education,Professor,0,Medium,Low,False,55705,52213,Unchanged,42,True,4,37.73,-3492,-6.268737097208509,Junior,Low,False
1188,E1189,34,Male,Bachelor,It,Devops engineer,8,Low,High,True,86235,93804,Unchanged,52,False,5,34.25,7569,8.777178639763438,Senior,High,False
1189,E1190,59,Male,High school,Manufacturing,Quality inspector,35,Medium,Low,True,55738,52829,Unchanged,52,False,3,38.08,-2909,-5.219060604973268,Senior,Low,False
1190,E1191,31,Other,Master,Finance,Accountant,8,Low,Medium,False,117193,120376,Modified,44,False,9,-0.14,3183,2.7160325275400408,Senior,Medium,False
1191,E1192,25,Other,Master,Education,Professor,0,High,High,False,81644,84971,Modified,49,True,9,31.3,3327,4.07500857380824,Junior,High,False
1192,E1193,38,Other,Master,It,Data analyst,14,Medium,Low,True,73516,79451,Unchanged,45,True,8,-13.57,5935,8.073072528429186,Senior,Low,False
1193,E1194,46,Female,Bachelor,Retail,Store manager,22,Medium,Medium,False,68015,68769,Modified,53,False,9,-6.43,754,1.1085789899286922,Senior,Medium,False
1194,E1195,47,Other,Master,Retail,Cashier,24,High,High,False,79832,73475,Modified,36,False,4,22.91,-6357,-7.962972241707586,Senior,High,False
1195,E1196,37,Female,Bachelor,It,Devops engineer,15,Medium,Low,True,38859,38050,Unchanged,36,True,5,5.65,-809,-2.081885792223166,Senior,Low,False
1196,E1197,23,Female,High school,Marketing,Content creator,0,Medium,Medium,False,52948,59840,Modified,38,True,5,-7.65,6892,13.01654453426003,Junior,Medium,False
1197,E1198,31,Male,High school,It,Devops engineer,7,Low,Medium,True,97853,95996,Modified,50,False,5,1.49,-1857,-1.8977445760477452,Senior,Medium,False
1198,E1199,23,Male,High school,Retail,Sales associate,0,Medium,High,True,78380,82550,Unchanged,54,True,9,8.62,4170,5.320234753763716,Junior,High,False
1199,E1200,35,Male,Master,Healthcare,Technician,12,High,Low,True,46304,61942,Unchanged,44,False,4,28.4,15638,33.772460262612306,Senior,Low,False
1200,E1201,39,Male,Bachelor,Healthcare,Technician,17,High,Medium,False,74990,90613,Modified,42,True,9,31.53,15623,20.833444459261237,Senior,Medium,False
1201,E1202,24,Other,Bachelor,Marketing,Seo specialist,0,Low,Medium,True,80411,77021,Modified,51,False,8,-6.14,-3390,-4.215841116265188,Junior,Medium,False
1202,E1203,30,Male,Master,Healthcare,Doctor,4,High,High,True,111867,155127,Modified,37,True,7,-7.97,43260,38.67092171954196,Mid,High,False
1203,E1204,32,Female,Master,It,Devops engineer,7,High,High,True,36791,44274,Replaced,40,True,9,11.87,7483,20.339213394580195,Senior,High,True
1204,E1205,51,Male,Phd,Retail,Cashier,26,High,High,False,39967,36102,Replaced,38,True,5,31.03,-3865,-9.670478144469188,Senior,High,True
1205,E1206,34,Male,Bachelor,Manufacturing,Quality inspector,8,Medium,Low,False,49971,54705,Unchanged,40,True,4,21.88,4734,9.473494626883593,Senior,Low,False
1206,E1207,34,Other,Phd,It,Software engineer,9,Low,Medium,True,114793,111270,Modified,47,True,7,36.86,-3523,-3.069002465307118,Senior,Medium,False
1207,E1208,49,Male,Bachelor,Education,Administrator,23,High,High,True,65393,71851,Replaced,43,False,3,-1.4,6458,9.875674766412306,Senior,High,True
1208,E1209,35,Male,High school,It,Data analyst,9,Medium,Low,False,84639,77367,Unchanged,51,True,8,13.98,-7272,-8.59178392939425,Senior,Low,False
1209,E1210,34,Female,Phd,Retail,Cashier,10,Medium,High,True,66142,59927,Unchanged,45,False,6,25.16,-6215,-9.396450061987844,Senior,High,False
1210,E1211,24,Male,Phd,It,Data analyst,0,Medium,Low,True,35387,41270,Unchanged,51,True,9,18.48,5883,16.62474920168423,Junior,Low,False
1211,E1212,54,Male,Phd,Finance,Auditor,30,High,High,True,41595,49301,Modified,48,False,8,-2.11,7706,18.526265176102896,Senior,High,False
1212,E1213,54,Female,Phd,Healthcare,Technician,28,Medium,Low,False,65645,67240,Unchanged,44,False,8,-13.26,1595,2.4297356995963133,Senior,Low,False
1213,E1214,59,Female,Master,Healthcare,Nurse,37,Medium,High,False,92709,91573,Unchanged,54,True,8,-9.95,-1136,-1.2253395031766063,Senior,High,False
1214,E1215,45,Male,Master,Education,Professor,23,Medium,Medium,False,76930,73717,Modified,42,False,3,12.2,-3213,-4.176524112829845,Senior,Medium,False
1215,E1216,30,Female,Bachelor,Education,Professor,7,High,High,True,77928,76519,Modified,42,True,8,5.77,-1409,-1.808079252643466,Senior,High,False
1216,E1217,36,Female,High school,Manufacturing,Quality inspector,14,Low,Medium,False,114629,120828,Modified,38,False,4,-10.42,6199,5.407881077214317,Senior,Medium,False
1217,E1218,39,Male,Bachelor,It,Data analyst,15,Low,Low,False,70969,71099,Unchanged,45,False,3,17.29,130,0.1831785709253336,Senior,Low,False
1218,E1219,26,Male,Phd,Marketing,Content creator,2,High,High,True,59047,60587,Modified,39,False,9,12.01,1540,2.6080918590275544,Junior,High,False
1219,E1220,33,Other,Bachelor,Marketing,Content creator,8,Medium,Medium,True,60628,59121,Modified,41,True,4,28.35,-1507,-2.485650194629544,Senior,Medium,False
1220,E1221,23,Other,Phd,Finance,Accountant,0,Low,Low,False,89860,85857,Unchanged,53,False,6,34.15,-4003,-4.454707322501669,Junior,Low,False
1221,E1222,38,Female,Bachelor,Marketing,Digital marketer,13,Medium,Low,True,119792,118943,Unchanged,47,True,9,31.53,-849,-0.7087284626686255,Senior,Low,False
1222,E1223,36,Female,Phd,Retail,Store manager,12,Low,Low,True,45659,50117,Unchanged,38,True,5,3.01,4458,9.763682954072582,Senior,Low,False
1223,E1224,31,Male,High school,It,Software engineer,6,Medium,Low,False,57624,59713,Unchanged,52,False,8,31.81,2089,3.6252256004442596,Mid,Low,False
1224,E1225,58,Female,Master,Healthcare,Nurse,33,High,High,True,54843,63315,Replaced,43,False,8,10.35,8472,15.447732618565723,Senior,High,True
1225,E1226,46,Other,High school,Healthcare,Nurse,22,High,Low,True,43663,35463,Unchanged,42,True,7,-7.69,-8200,-18.780202917802256,Senior,Low,False
1226,E1227,26,Male,Phd,It,Software engineer,4,Medium,Medium,False,54722,57192,Modified,52,True,3,9.43,2470,4.51372391359965,Mid,Medium,False
1227,E1228,23,Other,Phd,Manufacturing,Supervisor,1,Low,High,True,94857,103073,Unchanged,49,False,6,36.6,8216,8.661458827498235,Junior,High,False
1228,E1229,37,Male,Phd,Healthcare,Doctor,11,Low,Medium,False,41415,42140,Modified,42,False,4,0.27,725,1.7505734637208739,Senior,Medium,False
1229,E1230,23,Female,Master,Manufacturing,Quality inspector,0,Low,Low,True,32402,33317,Unchanged,38,False,8,-19.2,915,2.8238997592741186,Junior,Low,False
1230,E1231,50,Other,Phd,Marketing,Digital marketer,28,Low,High,False,104051,107806,Unchanged,51,True,4,18.24,3755,3.6088072195365735,Senior,High,False
1231,E1232,38,Male,Phd,Manufacturing,Machine operator,13,Medium,Low,True,79932,83549,Unchanged,47,False,5,18.89,3617,4.525096331882099,Senior,Low,False
1232,E1233,43,Male,Bachelor,It,Data analyst,20,Medium,High,False,70232,84164,Unchanged,35,True,3,8.92,13932,19.837111288301628,Senior,High,False
1233,E1234,52,Female,Phd,Retail,Store manager,27,Medium,Medium,True,93294,92923,Modified,49,False,8,30.3,-371,-0.3976675884837182,Senior,Medium,False
1234,E1235,27,Female,High school,Manufacturing,Quality inspector,2,High,High,True,88420,123694,Replaced,54,True,9,39.77,35274,39.89368921058584,Junior,High,True
1235,E1236,52,Other,Phd,It,Software engineer,29,Low,Medium,False,62872,62036,Modified,41,False,6,32.89,-836,-1.32968571065021,Senior,Medium,False
1236,E1237,51,Female,High school,Retail,Sales associate,25,Medium,High,False,77734,72411,Unchanged,54,False,7,21.3,-5323,-6.847711426145573,Senior,High,False
1237,E1238,33,Male,Bachelor,Finance,Accountant,8,Low,Medium,True,113694,109131,Modified,47,True,7,21.55,-4563,-4.013404401287667,Senior,Medium,False
1238,E1239,43,Male,Bachelor,Finance,Auditor,19,High,Medium,True,116457,98925,Modified,51,False,3,25.94,-17532,-15.054483629150672,Senior,Medium,False
1239,E1240,39,Male,High school,Manufacturing,Quality inspector,16,Medium,High,True,109431,120526,Unchanged,44,True,5,-10.27,11095,10.138808929827928,Senior,High,False
1240,E1241,30,Male,Phd,Healthcare,Doctor,8,High,High,True,37436,47339,Replaced,54,False,4,19.37,9903,26.45314670370766,Senior,High,True
1241,E1242,53,Other,High school,Education,Administrator,31,Medium,Medium,True,113106,123040,Modified,47,False,7,33.47,9934,8.782911605043058,Senior,Medium,False
1242,E1243,54,Female,Phd,Healthcare,Technician,29,High,Medium,True,117122,101003,Modified,36,False,9,37.74,-16119,-13.762572360444663,Senior,Medium,False
1243,E1244,35,Other,High school,Manufacturing,Quality inspector,11,High,Low,True,87450,86669,Unchanged,43,False,7,23.86,-781,-0.8930817610062893,Senior,Low,False
1244,E1245,41,Other,High school,Retail,Store manager,18,Low,Low,False,41173,41652,Unchanged,53,False,3,17.75,479,1.1633837709178345,Senior,Low,False
1245,E1246,53,Female,Bachelor,Education,Professor,29,Medium,High,False,98916,114537,Unchanged,47,False,5,7.5,15621,15.792187310445227,Senior,High,False
1246,E1247,33,Male,Master,Healthcare,Doctor,9,High,Medium,True,30148,37680,Modified,47,True,6,-14.19,7532,24.983415151917207,Senior,Medium,False
1247,E1248,39,Male,Phd,Education,Administrator,14,Medium,Medium,True,61075,64155,Modified,46,False,7,-5.98,3080,5.042979942693409,Senior,Medium,False
1248,E1249,50,Female,Phd,Manufacturing,Quality inspector,25,Medium,Medium,True,81529,85067,Modified,36,True,3,8.28,3538,4.3395601565087265,Senior,Medium,False
1249,E1250,46,Other,High school,Finance,Auditor,24,Low,High,True,59381,61801,Unchanged,52,True,8,13.59,2420,4.075377646048399,Senior,High,False
1250,E1251,22,Male,High school,Retail,Cashier,0,High,Medium,False,102943,132553,Modified,43,False,7,12.51,29610,28.76349047531158,Junior,Medium,False
1251,E1252,36,Other,High school,Finance,Accountant,13,High,Medium,True,91358,80514,Modified,48,False,3,11.1,-10844,-11.869786991834323,Senior,Medium,False
1252,E1253,40,Other,Master,Healthcare,Technician,14,High,High,True,112806,119931,Replaced,54,True,4,25.62,7125,6.316153396095952,Senior,High,True
1253,E1254,45,Male,Bachelor,Education,Professor,22,Low,Low,False,112215,120983,Unchanged,45,False,7,26.9,8768,7.813572160584592,Senior,Low,False
1254,E1255,38,Other,Phd,Retail,Store manager,13,High,Low,True,75382,101566,Unchanged,48,True,7,36.76,26184,34.73508264572444,Senior,Low,False
1255,E1256,32,Other,Master,Marketing,Digital marketer,7,Medium,High,True,30364,36145,Unchanged,43,False,4,-4.69,5781,19.038993544987484,Senior,High,False
1256,E1257,25,Other,Bachelor,Healthcare,Doctor,3,Low,Medium,False,72029,72135,Modified,35,True,7,13.7,106,0.14716294825695206,Mid,Medium,False
1257,E1258,31,Other,High school,Manufacturing,Quality inspector,9,Medium,High,False,49642,49719,Unchanged,37,True,8,8.41,77,0.1551105918375569,Senior,High,False
1258,E1259,35,Female,Master,Manufacturing,Machine operator,12,High,High,True,109064,115654,Modified,50,True,9,29.17,6590,6.0423237731973884,Senior,High,False
1259,E1260,57,Female,High school,Retail,Store manager,34,Low,Medium,False,58439,58011,Modified,41,False,9,-17.18,-428,-0.7323876178579374,Senior,Medium,False
1260,E1261,36,Female,Master,Manufacturing,Quality inspector,13,Low,Low,True,52391,52305,Unchanged,45,False,4,6.41,-86,-0.1641503311637495,Senior,Low,False
1261,E1262,43,Male,High school,Education,Administrator,19,High,Low,True,92537,95957,Unchanged,49,True,4,-4.76,3420,3.6958189697094133,Senior,Low,False
1262,E1263,42,Male,Phd,Marketing,Seo specialist,16,Medium,Medium,True,54714,54590,Modified,40,True,7,29.02,-124,-0.22663303724823627,Senior,Medium,False
1263,E1264,43,Female,Phd,Healthcare,Doctor,17,High,High,False,69770,71984,Modified,49,False,4,9.09,2214,3.173283646266303,Senior,High,False
1264,E1265,26,Male,Bachelor,Manufacturing,Machine operator,3,Low,High,True,108627,105204,Unchanged,44,False,4,-11.15,-3423,-3.151150266508327,Mid,High,False
1265,E1266,38,Other,Phd,Education,Professor,12,High,Medium,True,85355,107390,Modified,35,True,8,39.56,22035,25.81571085466581,Senior,Medium,False
1266,E1267,46,Female,High school,Manufacturing,Supervisor,23,Medium,High,True,71420,67288,Unchanged,43,True,8,17.35,-4132,-5.785494259311117,Senior,High,False
1267,E1268,29,Other,Phd,Retail,Cashier,7,Medium,Low,False,99687,114913,Unchanged,40,True,3,23.34,15226,15.273807015959957,Senior,Low,False
1268,E1269,22,Female,Phd,Finance,Investment analyst,0,Medium,High,True,95792,90831,Unchanged,51,True,5,38.7,-4961,-5.178929346918323,Junior,High,False
1269,E1270,50,Male,Master,Marketing,Seo specialist,27,Medium,High,True,84273,96112,Unchanged,48,False,6,17.83,11839,14.048390350408791,Senior,High,False
1270,E1271,38,Female,Master,Manufacturing,Quality inspector,16,High,Low,False,117483,158394,Unchanged,52,True,6,29.98,40911,34.82291054876024,Senior,Low,False
1271,E1272,38,Male,Master,Marketing,Seo specialist,15,High,Medium,False,62813,66902,Modified,45,True,9,26.24,4089,6.5097989269737155,Senior,Medium,False
1272,E1273,41,Other,High school,Healthcare,Doctor,15,High,High,False,33775,27816,Modified,35,False,3,19.29,-5959,-17.64322723908216,Senior,High,False
1273,E1274,43,Male,Bachelor,Finance,Auditor,18,High,Medium,False,85184,99206,Modified,49,True,8,4.16,14022,16.460837716003006,Senior,Medium,False
1274,E1275,48,Male,Phd,Finance,Investment analyst,25,Medium,High,False,32108,36007,Unchanged,48,True,9,-8.65,3899,12.143391055188738,Senior,High,False
1275,E1276,53,Male,Master,Retail,Cashier,31,Medium,Medium,False,99868,91566,Modified,44,False,9,-15.16,-8302,-8.312973124524373,Senior,Medium,False
1276,E1277,25,Female,Phd,Marketing,Content creator,1,High,Low,False,102499,122234,Unchanged,50,True,6,12.02,19735,19.253846378989063,Junior,Low,False
1277,E1278,57,Female,Bachelor,Education,Teacher,35,High,Low,False,42780,37514,Unchanged,40,False,8,-12.62,-5266,-12.309490416082282,Senior,Low,False
1278,E1279,48,Female,Bachelor,Finance,Accountant,22,Medium,Medium,False,61533,56158,Modified,50,True,7,9.78,-5375,-8.735150244584206,Senior,Medium,False
1279,E1280,47,Male,Bachelor,Education,Administrator,25,High,High,True,99778,138786,Modified,35,False,6,36.75,39008,39.09479043476518,Senior,High,False
1280,E1281,57,Other,Phd,Marketing,Digital marketer,33,High,High,True,38080,47181,Modified,43,False,7,-10.75,9101,23.89968487394958,Senior,High,False
1281,E1282,32,Male,Bachelor,It,Devops engineer,6,Low,Medium,False,108287,117506,Modified,46,False,5,20.45,9219,8.513487306878941,Mid,Medium,False
1282,E1283,34,Female,Bachelor,Education,Teacher,12,High,High,True,45831,51165,Modified,53,True,9,4.17,5334,11.638410682725667,Senior,High,False
1283,E1284,30,Other,High school,Retail,Store manager,6,Medium,High,True,89372,93889,Unchanged,36,False,4,26.68,4517,5.054155663966343,Mid,High,False
1284,E1285,32,Male,Bachelor,Marketing,Seo specialist,10,High,High,True,39677,54973,Modified,41,False,9,-2.82,15296,38.55130176172594,Senior,High,False
1285,E1286,35,Female,High school,It,Devops engineer,10,Low,Low,False,56548,54243,Unchanged,40,True,5,-10.25,-2305,-4.076183065714083,Senior,Low,False
1286,E1287,30,Female,Bachelor,Manufacturing,Quality inspector,7,High,Low,True,61568,74766,Unchanged,39,True,5,14.34,13198,21.4364604989605,Senior,Low,False
1287,E1288,57,Male,Master,Education,Administrator,33,High,Low,False,34311,31066,Unchanged,38,True,9,15.83,-3245,-9.45760834717729,Senior,Low,False
1288,E1289,33,Male,High school,Retail,Store manager,11,Low,Low,True,32580,32440,Unchanged,45,False,6,21.27,-140,-0.42971147943523635,Senior,Low,False
1289,E1290,24,Male,Phd,Healthcare,Technician,0,Low,Low,False,44635,43181,Unchanged,49,True,7,16.98,-1454,-3.257533325865352,Junior,Low,False
1290,E1291,25,Male,High school,It,Data analyst,2,Medium,High,False,44260,41805,Unchanged,49,True,3,13.26,-2455,-5.546769091730682,Junior,High,False
1291,E1292,24,Female,High school,It,Data analyst,1,Medium,High,True,62430,72815,Unchanged,35,False,5,22.18,10385,16.63463078648086,Junior,High,False
1292,E1293,52,Male,Phd,Education,Administrator,28,Medium,Low,True,57115,65847,Unchanged,53,True,7,11.23,8732,15.288453120896436,Senior,Low,False
1293,E1294,46,Male,High school,Manufacturing,Quality inspector,24,Low,High,True,108947,105581,Unchanged,38,True,3,18.36,-3366,-3.089575665231718,Senior,High,False
1294,E1295,35,Male,High school,Healthcare,Technician,12,Medium,Low,True,80906,96010,Unchanged,43,False,9,26.33,15104,18.668578350184166,Senior,Low,False
1295,E1296,25,Other,Bachelor,Marketing,Digital marketer,0,High,Medium,False,102932,89526,Modified,43,False,4,12.18,-13406,-13.024132436948666,Junior,Medium,False
1296,E1297,56,Male,High school,Education,Administrator,32,Low,Low,False,44318,44034,Unchanged,54,True,7,39.02,-284,-0.6408231418385306,Senior,Low,False
1297,E1298,40,Other,High school,Marketing,Content creator,18,Medium,Low,False,32837,33171,Unchanged,48,True,6,34.83,334,1.017145293419009,Senior,Low,False
1298,E1299,37,Male,Master,It,Data analyst,15,High,Low,False,116348,153705,Unchanged,53,True,8,30.07,37357,32.10798638567057,Senior,Low,False
1299,E1300,54,Male,Bachelor,Retail,Sales associate,32,Low,High,False,41036,41053,Unchanged,50,True,8,-1.49,17,0.0414270396724827,Senior,High,False
1300,E1301,54,Female,Master,Finance,Accountant,28,Medium,Low,True,93027,102350,Unchanged,47,True,5,-19.23,9323,10.021821621679727,Senior,Low,False
1301,E1302,55,Other,Master,It,Software engineer,33,High,Medium,False,82635,70127,Modified,47,True,3,22.99,-12508,-15.136443395655593,Senior,Medium,False
1302,E1303,55,Other,Phd,Manufacturing,Supervisor,33,Low,Low,False,69159,75674,Unchanged,41,False,9,15.96,6515,9.420321288624763,Senior,Low,False
1303,E1304,43,Male,Master,Healthcare,Technician,17,High,Low,True,36806,42021,Unchanged,41,True,3,31.67,5215,14.16888550779764,Senior,Low,False
1304,E1305,26,Male,Bachelor,Education,Teacher,4,Low,High,False,118027,128991,Unchanged,38,False,4,4.29,10964,9.289399883077602,Mid,High,False
1305,E1306,26,Male,Master,Marketing,Digital marketer,4,High,High,False,37973,43064,Modified,38,True,9,36.78,5091,13.406894372317174,Mid,High,False
1306,E1307,47,Female,Bachelor,It,Data analyst,25,Low,Low,True,118263,127196,Unchanged,52,False,8,39.73,8933,7.553503631736046,Senior,Low,False
1307,E1308,52,Female,Bachelor,Healthcare,Nurse,27,Medium,Low,True,86361,83922,Unchanged,37,False,6,27.22,-2439,-2.8241914753187203,Senior,Low,False
1308,E1309,47,Female,Master,It,Data analyst,25,Medium,High,True,85401,91217,Unchanged,48,True,7,23.72,5816,6.810224704628752,Senior,High,False
1309,E1310,24,Other,Bachelor,Education,Professor,1,Medium,Low,False,106256,104365,Unchanged,36,True,9,30.76,-1891,-1.7796642071977113,Junior,Low,False
1310,E1311,42,Other,Master,Retail,Cashier,18,High,Low,False,45150,40146,Unchanged,41,True,6,7.37,-5004,-11.083056478405316,Senior,Low,False
1311,E1312,29,Other,Master,Marketing,Content creator,6,High,High,True,106772,110638,Replaced,36,False,5,-8.49,3866,3.620799460532724,Mid,High,True
1312,E1313,41,Other,Bachelor,Education,Teacher,18,Medium,Medium,True,118553,140888,Modified,40,True,6,7.54,22335,18.839675082030823,Senior,Medium,False
1313,E1314,51,Other,Bachelor,Healthcare,Nurse,26,Low,Low,False,108210,104508,Unchanged,38,False,3,14.36,-3702,-3.421125589132243,Senior,Low,False
1314,E1315,52,Female,High school,Marketing,Digital marketer,26,High,Medium,True,89884,108344,Modified,38,False,8,12.55,18460,20.53758177206177,Senior,Medium,False
1315,E1316,47,Other,Master,Healthcare,Nurse,23,High,Low,True,91407,92298,Unchanged,46,False,5,-2.44,891,0.9747612327283469,Senior,Low,False
1316,E1317,45,Other,Phd,Finance,Auditor,23,Low,Low,True,65157,62818,Unchanged,48,True,3,37.08,-2339,-3.5897908129594676,Senior,Low,False
1317,E1318,31,Female,High school,Retail,Store manager,6,Low,High,True,102154,111335,Unchanged,54,True,3,9.29,9181,8.987411163537404,Mid,High,False
1318,E1319,40,Female,Phd,Healthcare,Technician,14,Medium,Medium,True,68165,61374,Modified,51,True,6,-12.79,-6791,-9.962590772390524,Senior,Medium,False
1319,E1320,29,Male,High school,It,Data analyst,6,Low,High,False,76716,78885,Unchanged,40,False,3,-15.55,2169,2.8273111215391835,Mid,High,False
1320,E1321,26,Female,Master,Healthcare,Technician,2,High,Medium,False,86911,116187,Modified,53,False,8,-12.95,29276,33.68503411535939,Junior,Medium,False
1321,E1322,29,Female,Bachelor,Marketing,Seo specialist,5,High,Medium,True,102728,127476,Modified,53,True,4,-1.73,24748,24.090802896970644,Mid,Medium,False
1322,E1323,52,Male,Master,Manufacturing,Machine operator,30,Medium,High,True,85918,85578,Unchanged,50,True,9,20.22,-340,-0.3957261574990107,Senior,High,False
1323,E1324,37,Other,Master,It,Devops engineer,15,High,Medium,True,42109,41599,Modified,40,False,8,-9.27,-510,-1.2111425111021397,Senior,Medium,False
1324,E1325,37,Other,High school,Finance,Investment analyst,12,Medium,Low,False,73151,66946,Unchanged,47,True,7,35.58,-6205,-8.48245410178945,Senior,Low,False
1325,E1326,33,Female,Bachelor,Education,Teacher,11,High,High,False,72722,73330,Modified,46,True,3,20.86,608,0.8360606143945437,Senior,High,False
1326,E1327,39,Female,Master,Retail,Cashier,16,Medium,Medium,True,41292,46461,Modified,51,True,4,9.32,5169,12.518163324614937,Senior,Medium,False
1327,E1328,24,Female,Bachelor,Manufacturing,Machine operator,0,High,Medium,True,52257,61349,Modified,44,True,3,-16.62,9092,17.39862602139426,Junior,Medium,False
1328,E1329,34,Male,High school,Retail,Sales associate,12,Low,High,True,52113,52288,Unchanged,51,True,9,-7.23,175,0.3358087233511792,Senior,High,False
1329,E1330,57,Male,Bachelor,Education,Administrator,35,Medium,Low,True,70136,77544,Unchanged,52,True,7,26.74,7408,10.562336032850462,Senior,Low,False
1330,E1331,43,Other,Phd,Healthcare,Nurse,19,High,Low,False,31868,41018,Unchanged,46,False,6,28.48,9150,28.712187774570104,Senior,Low,False
1331,E1332,34,Female,High school,It,Software engineer,8,High,Medium,True,52394,68634,Modified,39,True,7,23.57,16240,30.995915562850705,Senior,Medium,False
1332,E1333,38,Female,Master,Marketing,Seo specialist,16,Medium,Medium,True,107061,105265,Modified,36,True,4,18.57,-1796,-1.6775483135782403,Senior,Medium,False
1333,E1334,37,Male,Bachelor,It,Data analyst,11,High,Low,True,109054,137291,Unchanged,49,False,8,-9.52,28237,25.892677022392576,Senior,Low,False
1334,E1335,29,Female,Phd,Healthcare,Doctor,5,High,Low,False,30209,33549,Unchanged,35,False,7,14.67,3340,11.056307722864048,Mid,Low,False
1335,E1336,26,Male,Master,Manufacturing,Quality inspector,0,Medium,High,True,35607,42061,Unchanged,37,True,9,11.79,6454,18.125649450950657,Junior,High,False
1336,E1337,24,Female,Master,Healthcare,Nurse,0,Low,Medium,False,55117,58711,Modified,51,False,6,24.83,3594,6.5206742021517865,Junior,Medium,False
1337,E1338,59,Other,Bachelor,Healthcare,Nurse,37,Low,High,False,39628,38076,Unchanged,53,False,5,32.87,-1552,-3.916422731402039,Senior,High,False
1338,E1339,57,Female,High school,Finance,Accountant,33,High,High,False,116158,101766,Replaced,47,False,4,7.72,-14392,-12.390020489333493,Senior,High,True
1339,E1340,37,Male,Bachelor,Manufacturing,Quality inspector,12,Medium,Low,True,34576,33994,Unchanged,39,True,8,39.8,-582,-1.6832484960666356,Senior,Low,False
1340,E1341,48,Other,Phd,It,Data analyst,23,Medium,High,False,74518,67760,Unchanged,38,False,8,13.25,-6758,-9.068949783944818,Senior,High,False
1341,E1342,40,Female,High school,Manufacturing,Quality inspector,18,Medium,High,True,72036,71892,Unchanged,48,True,8,6.23,-144,-0.19990004997501248,Senior,High,False
1342,E1343,31,Female,High school,Finance,Auditor,5,Medium,Medium,True,107078,103541,Modified,47,False,7,35.34,-3537,-3.303199536786268,Mid,Medium,False
1343,E1344,34,Other,Bachelor,Finance,Auditor,10,Medium,High,False,80481,82268,Unchanged,50,False,7,-9.36,1787,2.2203998459263676,Senior,High,False
1344,E1345,23,Other,Phd,Retail,Sales associate,0,High,Low,True,98304,133713,Unchanged,42,False,8,12.54,35409,36.0198974609375,Junior,Low,False
1345,E1346,25,Other,Bachelor,Finance,Auditor,1,High,Low,True,31160,40074,Unchanged,40,False,7,-14.75,8914,28.60718870346598,Junior,Low,False
1346,E1347,42,Female,Master,Finance,Auditor,19,Medium,Low,False,43882,49064,Unchanged,50,False,6,14.79,5182,11.808942163073697,Senior,Low,False
1347,E1348,58,Male,Phd,Education,Teacher,35,Medium,High,True,75278,74553,Unchanged,43,True,4,7.8,-725,-0.9630967879061613,Senior,High,False
1348,E1349,46,Male,Master,Manufacturing,Quality inspector,21,High,High,True,31212,30637,Modified,46,True,3,19.74,-575,-1.842240164039472,Senior,High,False
1349,E1350,57,Male,High school,Manufacturing,Machine operator,35,Medium,Low,True,55854,57395,Unchanged,48,True,8,-5.17,1541,2.758978766068679,Senior,Low,False
1350,E1351,46,Female,High school,Marketing,Content creator,20,Low,Low,False,67905,73593,Unchanged,49,True,7,-8.21,5688,8.376408217362492,Senior,Low,False
1351,E1352,28,Male,Bachelor,Marketing,Digital marketer,6,Medium,Medium,True,38625,38036,Modified,47,False,9,2.68,-589,-1.5249190938511328,Mid,Medium,False
1352,E1353,44,Male,Bachelor,Manufacturing,Machine operator,18,Low,Low,True,59717,58961,Unchanged,37,False,9,-0.53,-756,-1.2659711639901534,Senior,Low,False
1353,E1354,31,Female,Bachelor,Marketing,Content creator,7,Medium,High,False,51604,58879,Unchanged,47,False,4,33.84,7275,14.097744360902256,Senior,High,False
1354,E1355,23,Female,Master,Manufacturing,Machine operator,0,Low,Low,True,71787,71286,Unchanged,53,True,8,-2.38,-501,-0.697897948096452,Junior,Low,False
1355,E1356,43,Male,Bachelor,Manufacturing,Machine operator,17,High,High,True,61996,74850,Replaced,35,True,6,3.52,12854,20.733595715852633,Senior,High,True
1356,E1357,24,Female,Master,Education,Professor,0,Medium,Medium,False,113251,108836,Modified,40,True,9,-11.19,-4415,-3.8984203229993555,Junior,Medium,False
1357,E1358,44,Male,High school,Manufacturing,Supervisor,22,Low,Low,True,68031,72799,Unchanged,44,False,7,7.23,4768,7.0085696226720176,Senior,Low,False
1358,E1359,33,Female,Master,Marketing,Digital marketer,7,Medium,High,False,117710,131345,Unchanged,46,True,5,31.27,13635,11.5835527992524,Senior,High,False
1359,E1360,56,Female,Phd,Manufacturing,Supervisor,33,Medium,High,True,58024,59449,Unchanged,52,False,3,16.91,1425,2.4558803253826,Senior,High,False
1360,E1361,46,Female,High school,Healthcare,Nurse,20,Medium,Medium,False,59754,58322,Modified,45,True,5,36.43,-1432,-2.396492285035311,Senior,Medium,False
1361,E1362,53,Male,Master,Manufacturing,Quality inspector,30,Low,High,True,85184,87837,Unchanged,37,False,8,22.92,2653,3.1144346356123216,Senior,High,False
1362,E1363,33,Male,Master,Manufacturing,Machine operator,9,Medium,High,True,97850,97926,Unchanged,50,False,6,13.64,76,0.07766990291262137,Senior,High,False
1363,E1364,52,Other,Phd,Marketing,Digital marketer,27,High,Low,True,47573,53135,Unchanged,37,False,7,19.71,5562,11.69150568599836,Senior,Low,False
1364,E1365,43,Other,Master,Finance,Investment analyst,21,High,High,False,91821,121337,Replaced,47,True,5,14.1,29516,32.14515198048377,Senior,High,True
1365,E1366,23,Female,Bachelor,Marketing,Seo specialist,0,Low,High,True,66735,65685,Unchanged,52,True,9,31.99,-1050,-1.573387278040009,Junior,High,False
1366,E1367,57,Other,Phd,Retail,Cashier,35,High,Medium,False,61017,74367,Modified,42,False,5,27.42,13350,21.87914843404297,Senior,Medium,False
1367,E1368,58,Male,Bachelor,Marketing,Content creator,35,Medium,Medium,True,63001,64459,Modified,43,True,5,-6.12,1458,2.3142489801749178,Senior,Medium,False
1368,E1369,52,Other,Phd,Marketing,Seo specialist,29,Low,High,False,94892,98329,Unchanged,46,True,4,4.14,3437,3.622012393036294,Senior,High,False
1369,E1370,39,Other,High school,Healthcare,Technician,14,Medium,High,False,44961,51784,Unchanged,43,False,5,-18.08,6823,15.175374213207002,Senior,High,False
1370,E1371,38,Other,Phd,Healthcare,Doctor,15,High,High,False,108798,122523,Replaced,54,False,8,19.23,13725,12.615121601500029,Senior,High,True
1371,E1372,25,Other,High school,Education,Teacher,3,High,Low,True,49333,41066,Unchanged,51,False,6,7.43,-8267,-16.75754565909229,Mid,Low,False
1372,E1373,56,Female,Master,Healthcare,Technician,30,High,Low,True,99109,122808,Unchanged,52,False,9,3.03,23699,23.912056422726494,Senior,Low,False
1373,E1374,58,Other,Bachelor,Healthcare,Doctor,36,High,Medium,True,59430,50225,Modified,37,False,6,22.47,-9205,-15.488810365135453,Senior,Medium,False
1374,E1375,59,Male,Bachelor,Healthcare,Technician,37,Low,Medium,True,31995,31631,Modified,44,True,3,33.1,-364,-1.137677762150336,Senior,Medium,False
1375,E1376,40,Other,Phd,Manufacturing,Quality inspector,14,High,Low,False,60846,50288,Unchanged,50,False,3,39.53,-10558,-17.352003418466293,Senior,Low,False
1376,E1377,44,Male,Bachelor,It,Data analyst,19,High,High,False,78591,104399,Replaced,37,True,9,4.77,25808,32.838365716176156,Senior,High,True
1377,E1378,22,Male,Bachelor,Manufacturing,Machine operator,0,Medium,High,True,116576,113479,Unchanged,47,True,5,20.83,-3097,-2.6566360142739502,Junior,High,False
1378,E1379,50,Male,Phd,Healthcare,Technician,25,High,Medium,True,93333,110945,Modified,54,True,9,22.72,17612,18.870067393097834,Senior,Medium,False
1379,E1380,38,Other,Master,It,Devops engineer,13,High,Medium,True,76146,99904,Modified,49,True,3,31.81,23758,31.200588343445485,Senior,Medium,False
1380,E1381,41,Other,Phd,Manufacturing,Machine operator,16,Low,Medium,False,64262,66800,Modified,40,False,3,0.23,2538,3.949456910771529,Senior,Medium,False
1381,E1382,40,Female,High school,Manufacturing,Machine operator,14,High,Low,False,107518,116680,Unchanged,44,False,8,1.81,9162,8.521363864655221,Senior,Low,False
1382,E1383,38,Other,Master,Retail,Store manager,16,High,High,True,53212,62522,Modified,53,False,7,23.73,9310,17.496053521762008,Senior,High,False
1383,E1384,23,Male,Bachelor,Finance,Investment analyst,0,Medium,High,False,79810,73343,Unchanged,40,True,5,16.18,-6467,-8.102994612203984,Junior,High,False
1384,E1385,59,Male,Phd,Education,Professor,36,Medium,Low,True,99726,114632,Unchanged,41,True,6,-10.98,14906,14.946954655756773,Senior,Low,False
1385,E1386,50,Other,Phd,It,Data analyst,25,Low,Low,False,39638,40441,Unchanged,39,True,9,15.9,803,2.025833795852465,Senior,Low,False
1386,E1387,50,Female,Master,Healthcare,Nurse,24,Low,Medium,False,102089,111315,Modified,53,False,7,-5.96,9226,9.037212628196965,Senior,Medium,False
1387,E1388,51,Female,Bachelor,Finance,Auditor,27,Low,Low,True,47529,48833,Unchanged,43,False,7,-10.78,1304,2.7435881251446483,Senior,Low,False
1388,E1389,34,Male,High school,Education,Professor,8,Medium,High,False,65036,73239,Unchanged,54,True,4,6.83,8203,12.613014330524633,Senior,High,False
1389,E1390,34,Female,Bachelor,Manufacturing,Supervisor,8,Low,Low,False,93138,92639,Unchanged,43,False,8,19.59,-499,-0.5357641349395521,Senior,Low,False
1390,E1391,43,Female,High school,Finance,Investment analyst,17,Low,Medium,False,36922,36819,Modified,36,True,5,-12.99,-103,-0.27896646985537077,Senior,Medium,False
1391,E1392,37,Other,Phd,Finance,Investment analyst,13,High,High,True,57843,56422,Modified,52,False,4,22.32,-1421,-2.4566498971353488,Senior,High,False
1392,E1393,32,Other,Bachelor,Education,Teacher,6,Medium,Medium,False,83526,84287,Modified,47,False,4,25.39,761,0.9110935517084501,Mid,Medium,False
1393,E1394,45,Other,Master,Healthcare,Doctor,21,High,Medium,False,44925,48020,Modified,37,True,6,18.2,3095,6.889259877573734,Senior,Medium,False
1394,E1395,29,Female,High school,Manufacturing,Quality inspector,6,Medium,High,True,73909,80214,Unchanged,44,False,4,7.38,6305,8.530760800443788,Mid,High,False
1395,E1396,44,Male,Phd,It,Data analyst,20,High,Medium,False,50895,65186,Modified,54,False,5,4.63,14291,28.079379113861876,Senior,Medium,False
1396,E1397,55,Female,High school,It,Devops engineer,29,High,Medium,False,38252,48424,Modified,45,False,6,29.3,10172,26.592073617065775,Senior,Medium,False
1397,E1398,39,Other,Bachelor,Healthcare,Doctor,15,Low,Low,True,78888,76236,Unchanged,48,True,5,27.66,-2652,-3.361728019470642,Senior,Low,False
1398,E1399,39,Female,Master,Manufacturing,Machine operator,16,Low,Low,False,32970,36133,Unchanged,52,True,4,38.78,3163,9.59356991204125,Senior,Low,False
1399,E1400,36,Female,Master,Manufacturing,Quality inspector,12,Medium,High,False,101200,94138,Unchanged,37,False,3,22.45,-7062,-6.978260869565217,Senior,High,False
1400,E1401,29,Female,Bachelor,Healthcare,Technician,4,Medium,High,False,77994,80467,Unchanged,46,False,9,-13.23,2473,3.1707567248762727,Mid,High,False
1401,E1402,34,Male,High school,Marketing,Digital marketer,9,Medium,Low,False,68725,65629,Unchanged,41,True,9,18.57,-3096,-4.50491087668243,Senior,Low,False
1402,E1403,25,Male,Bachelor,Manufacturing,Supervisor,0,Medium,Low,False,95149,96958,Unchanged,43,True,4,36.28,1809,1.9012285993546965,Junior,Low,False
1403,E1404,28,Female,High school,It,Data analyst,6,High,Medium,False,37507,42847,Modified,36,True,3,6.14,5340,14.23734236275895,Mid,Medium,False
1404,E1405,47,Male,Bachelor,Retail,Cashier,24,Low,Low,False,34414,36994,Unchanged,36,True,6,-5.0,2580,7.496948916138781,Senior,Low,False
1405,E1406,36,Male,Master,It,Devops engineer,13,High,Low,True,104510,141988,Unchanged,51,False,6,37.09,37478,35.86068318821166,Senior,Low,False
1406,E1407,30,Male,Phd,Finance,Auditor,7,High,Medium,False,91731,122532,Modified,53,True,3,6.88,30801,33.57752559113059,Senior,Medium,False
1407,E1408,52,Other,Master,Retail,Sales associate,29,High,Medium,True,48325,49463,Modified,40,True,4,-6.18,1138,2.3548887739265387,Senior,Medium,False
1408,E1409,32,Other,Bachelor,It,Data analyst,6,High,High,True,31843,33292,Modified,35,False,6,24.89,1449,4.5504506484941745,Mid,High,False
1409,E1410,47,Female,Master,Manufacturing,Machine operator,24,Low,Low,False,103048,98628,Unchanged,41,False,4,28.07,-4420,-4.289263255958389,Senior,Low,False
1410,E1411,57,Male,Bachelor,Retail,Sales associate,34,High,Medium,False,75913,95820,Modified,50,False,8,9.98,19907,26.223439990515455,Senior,Medium,False
1411,E1412,38,Female,Master,Healthcare,Nurse,13,Medium,Medium,True,58690,65855,Modified,53,True,8,-1.23,7165,12.208212642698927,Senior,Medium,False
1412,E1413,46,Female,Bachelor,Finance,Auditor,23,Medium,Low,True,116612,109076,Unchanged,47,True,5,19.3,-7536,-6.462456693993756,Senior,Low,False
1413,E1414,47,Other,Phd,Marketing,Seo specialist,25,Low,High,True,92524,88346,Unchanged,46,True,4,11.21,-4178,-4.515585145475769,Senior,High,False
1414,E1415,59,Other,Master,It,Data analyst,33,Low,Low,False,100077,100681,Unchanged,39,True,5,20.89,604,0.6035352778360662,Senior,Low,False
1415,E1416,25,Other,Bachelor,Manufacturing,Machine operator,0,Medium,Low,True,79416,87936,Unchanged,50,False,4,4.25,8520,10.728316711997582,Junior,Low,False
1416,E1417,31,Female,Phd,Manufacturing,Quality inspector,9,Low,Low,True,37044,35315,Unchanged,49,False,3,-1.78,-1729,-4.6674225245653815,Senior,Low,False
1417,E1418,25,Other,Master,Marketing,Seo specialist,1,High,Medium,False,62543,79870,Modified,44,False,4,-9.12,17327,27.704139551988234,Junior,Medium,False
1418,E1419,57,Other,Master,Finance,Accountant,33,High,Low,True,64157,81477,Unchanged,36,False,3,37.77,17320,26.99627476347086,Senior,Low,False
1419,E1420,52,Other,High school,Marketing,Digital marketer,30,Medium,Medium,False,94808,111998,Modified,53,False,8,-14.52,17190,18.131381318032233,Senior,Medium,False
1420,E1421,56,Male,Bachelor,Retail,Cashier,30,Medium,Low,True,30442,33054,Unchanged,42,False,5,19.05,2612,8.580250969055909,Senior,Low,False
1421,E1422,27,Other,High school,Healthcare,Doctor,5,Low,High,True,96567,94607,Unchanged,49,True,9,-11.95,-1960,-2.029678875806435,Mid,High,False
1422,E1423,40,Female,High school,Healthcare,Technician,14,Medium,High,False,89252,89442,Unchanged,41,True,3,39.46,190,0.21288038363285977,Senior,High,False
1423,E1424,31,Male,Master,Marketing,Content creator,6,Low,Low,True,118901,120000,Unchanged,51,False,8,0.1,1099,0.9242983658674023,Mid,Low,False
1424,E1425,37,Female,Phd,Marketing,Content creator,11,High,Medium,False,36044,43735,Modified,40,False,5,14.02,7691,21.337809344134946,Senior,Medium,False
1425,E1426,56,Female,Master,Manufacturing,Quality inspector,34,High,Medium,True,113108,116088,Modified,48,False,3,19.84,2980,2.6346500689606396,Senior,Medium,False
1426,E1427,22,Male,Phd,Manufacturing,Supervisor,0,High,Low,True,31894,28532,Unchanged,50,True,7,-9.56,-3362,-10.541167617733743,Junior,Low,False
1427,E1428,50,Other,Bachelor,Education,Administrator,25,Medium,High,True,57659,58456,Unchanged,50,False,5,10.39,797,1.3822646941500893,Senior,High,False
1428,E1429,33,Female,High school,Education,Professor,7,Medium,High,False,44633,52605,Unchanged,36,False,9,28.26,7972,17.861223758205814,Senior,High,False
1429,E1430,56,Female,Phd,Healthcare,Technician,34,Medium,Medium,False,103177,109924,Modified,49,True,8,1.57,6747,6.53924808823672,Senior,Medium,False
1430,E1431,27,Other,Bachelor,Retail,Cashier,2,Low,Low,True,86151,87682,Unchanged,39,False,8,27.82,1531,1.777112279602094,Junior,Low,False
1431,E1432,25,Other,Bachelor,Manufacturing,Machine operator,2,Medium,High,False,47634,53019,Unchanged,36,True,7,20.64,5385,11.304950245622875,Junior,High,False
1432,E1433,36,Other,Bachelor,Finance,Accountant,10,Medium,Medium,True,116914,112803,Modified,37,False,6,15.45,-4111,-3.5162598149066837,Senior,Medium,False
1433,E1434,44,Other,Master,Healthcare,Technician,19,High,High,True,119595,147064,Modified,38,True,3,-7.75,27469,22.968351519712364,Senior,High,False
1434,E1435,47,Other,Phd,Manufacturing,Supervisor,25,Medium,Low,True,79063,74240,Unchanged,46,False,9,-0.34,-4823,-6.100198575819284,Senior,Low,False
1435,E1436,40,Female,High school,Marketing,Content creator,17,Medium,High,False,91606,99066,Unchanged,43,False,9,8.81,7460,8.14357138178722,Senior,High,False
1436,E1437,35,Other,Master,Finance,Investment analyst,11,High,Low,True,50422,44384,Unchanged,38,False,4,33.14,-6038,-11.974931577486018,Senior,Low,False
1437,E1438,40,Other,Master,Manufacturing,Machine operator,18,Medium,Low,True,98232,106349,Unchanged,43,False,9,-9.24,8117,8.263091456959035,Senior,Low,False
1438,E1439,37,Other,Bachelor,Retail,Cashier,13,Low,Medium,False,37910,40622,Modified,46,False,7,27.81,2712,7.153785280928515,Senior,Medium,False
1439,E1440,34,Female,Bachelor,Marketing,Content creator,9,Medium,Low,True,101934,105414,Unchanged,38,True,6,6.22,3480,3.4139737477191123,Senior,Low,False
1440,E1441,45,Male,High school,It,Software engineer,19,Low,Low,True,30036,32009,Unchanged,37,False,7,30.49,1973,6.568784125715808,Senior,Low,False
1441,E1442,23,Female,Master,Finance,Investment analyst,0,Low,Low,False,66648,63518,Unchanged,49,True,7,8.76,-3130,-4.696314968191094,Junior,Low,False
1442,E1443,33,Male,High school,Finance,Auditor,11,Low,Medium,True,47045,45953,Modified,53,True,5,0.26,-1092,-2.3211818471676056,Senior,Medium,False
1443,E1444,44,Other,High school,Finance,Investment analyst,21,Low,High,True,91009,95194,Unchanged,37,True,4,31.62,4185,4.598446307508048,Senior,High,False
1444,E1445,44,Other,Bachelor,Marketing,Seo specialist,20,Low,Low,False,108424,115147,Unchanged,54,True,9,31.47,6723,6.200656681177599,Senior,Low,False
1445,E1446,46,Female,High school,It,Devops engineer,24,Medium,Low,True,58013,64597,Unchanged,50,False,6,-7.34,6584,11.349180356127075,Senior,Low,False
1446,E1447,42,Other,Bachelor,Marketing,Digital marketer,17,Low,High,False,88726,85766,Unchanged,39,False,8,-9.37,-2960,-3.336113427856547,Senior,High,False
1447,E1448,25,Male,Master,Education,Administrator,1,Low,Low,True,77632,79137,Unchanged,45,True,6,27.1,1505,1.9386335531739491,Junior,Low,False
1448,E1449,48,Other,Master,Manufacturing,Machine operator,25,Low,Low,True,112336,119407,Unchanged,46,False,9,28.67,7071,6.2945093291553915,Senior,Low,False
1449,E1450,55,Other,Phd,Healthcare,Technician,30,Medium,Medium,False,96957,115251,Modified,44,True,3,30.05,18294,18.8681580494446,Senior,Medium,False
1450,E1451,33,Female,Master,Finance,Auditor,9,Low,High,False,65050,70502,Unchanged,50,False,6,8.23,5452,8.381245196003075,Senior,High,False
1451,E1452,37,Other,Bachelor,Manufacturing,Machine operator,11,Medium,Low,False,32260,35846,Unchanged,43,False,6,19.05,3586,11.115933044017359,Senior,Low,False
1452,E1453,38,Female,Phd,Retail,Cashier,14,High,High,False,117616,127688,Replaced,49,False,4,21.35,10072,8.56346075363896,Senior,High,True
1453,E1454,56,Male,High school,Retail,Sales associate,33,Medium,Medium,False,75213,74320,Modified,37,True,9,-3.36,-893,-1.1872947495778656,Senior,Medium,False
1454,E1455,29,Female,Bachelor,Finance,Auditor,5,High,High,True,48961,48686,Modified,46,False,3,15.23,-275,-0.5616715344866322,Mid,High,False
1455,E1456,51,Male,Bachelor,Retail,Store manager,26,Medium,Medium,False,115013,137171,Modified,46,False,5,-0.01,22158,19.265648231069534,Senior,Medium,False
1456,E1457,28,Male,High school,Healthcare,Technician,2,High,Medium,True,37045,51186,Modified,53,False,3,24.78,14141,38.172492914023486,Junior,Medium,False
1457,E1458,57,Male,Bachelor,Healthcare,Technician,33,Low,Low,True,56844,61320,Unchanged,44,False,9,37.41,4476,7.874181971712053,Senior,Low,False
1458,E1459,47,Male,High school,Education,Administrator,21,Low,Low,False,70581,67091,Unchanged,46,True,8,-5.51,-3490,-4.944673495699976,Senior,Low,False
1459,E1460,22,Other,Master,Finance,Auditor,0,High,Low,True,32347,32675,Unchanged,54,True,9,7.13,328,1.0140043898970539,Junior,Low,False
1460,E1461,29,Other,Master,It,Data analyst,5,High,Low,False,82136,73094,Unchanged,48,False,6,14.31,-9042,-11.00857115028733,Mid,Low,False
1461,E1462,53,Female,High school,It,Software engineer,30,Low,Low,False,119710,121249,Unchanged,42,True,5,27.0,1539,1.2856068833013115,Senior,Low,False
1462,E1463,26,Other,Master,Manufacturing,Supervisor,0,Low,Low,False,65999,71326,Unchanged,45,True,7,-18.18,5327,8.071334414157791,Junior,Low,False
1463,E1464,29,Other,Phd,Manufacturing,Machine operator,7,Medium,Medium,True,61655,64686,Modified,47,True,5,5.2,3031,4.916065201524613,Senior,Medium,False
1464,E1465,57,Male,High school,Marketing,Seo specialist,33,Medium,High,False,58371,59782,Unchanged,47,False,3,-3.8,1411,2.4172962601291736,Senior,High,False
1465,E1466,49,Female,High school,Finance,Auditor,27,Low,Medium,False,39916,41438,Modified,48,False,8,-4.32,1522,3.813007315362261,Senior,Medium,False
1466,E1467,22,Male,High school,Healthcare,Technician,0,Low,Medium,True,111614,107958,Modified,47,True,3,21.69,-3656,-3.2755747486874403,Junior,Medium,False
1467,E1468,36,Female,High school,Education,Administrator,14,Medium,Low,False,70761,71793,Unchanged,42,False,7,37.41,1032,1.4584304913723662,Senior,Low,False
1468,E1469,44,Female,Bachelor,Retail,Cashier,18,High,High,False,65367,62898,Modified,41,False,9,28.21,-2469,-3.7771352517325254,Senior,High,False
1469,E1470,48,Other,Phd,Manufacturing,Quality inspector,24,Medium,Medium,False,55989,51995,Modified,50,True,6,-18.65,-3994,-7.1335440890174855,Senior,Medium,False
1470,E1471,41,Male,Phd,Retail,Sales associate,15,High,Medium,False,70639,93522,Modified,35,False,4,22.29,22883,32.39428644233355,Senior,Medium,False
1471,E1472,50,Female,High school,Marketing,Content creator,24,Medium,Low,True,62844,58641,Unchanged,38,True,7,5.17,-4203,-6.68798930685507,Senior,Low,False
1472,E1473,48,Male,Phd,Retail,Sales associate,23,High,Medium,False,101524,86791,Modified,48,False,4,10.83,-14733,-14.511839565028959,Senior,Medium,False
1473,E1474,33,Male,Master,Finance,Accountant,8,Low,Medium,False,32419,34684,Modified,35,False,6,33.92,2265,6.986643634905457,Senior,Medium,False
1474,E1475,55,Male,High school,Manufacturing,Supervisor,30,Medium,High,False,36487,38920,Unchanged,43,True,5,-9.79,2433,6.6681283744895445,Senior,High,False
1475,E1476,36,Female,Phd,Education,Teacher,13,Low,Medium,True,116261,113122,Modified,51,False,7,24.0,-3139,-2.6999595737177557,Senior,Medium,False
1476,E1477,43,Female,Bachelor,Education,Administrator,17,Medium,High,True,105088,100428,Unchanged,41,False,4,19.1,-4660,-4.434378806333739,Senior,High,False
1477,E1478,26,Male,Phd,It,Data analyst,1,Medium,Low,True,52063,53322,Unchanged,37,False,6,9.0,1259,2.4182240746787547,Junior,Low,False
1478,E1479,36,Male,Bachelor,Marketing,Content creator,10,Medium,Low,True,79725,90739,Unchanged,41,True,4,19.68,11014,13.814989024772656,Senior,Low,False
1479,E1480,29,Male,Bachelor,Marketing,Digital marketer,7,High,Low,True,109834,139358,Unchanged,42,False,3,20.8,29524,26.880565216599596,Senior,Low,False
1480,E1481,36,Female,Bachelor,Marketing,Seo specialist,10,Low,Medium,False,36050,37259,Modified,44,True,9,27.24,1209,3.3536754507628297,Senior,Medium,False
1481,E1482,49,Other,High school,Healthcare,Nurse,23,Medium,High,True,117363,139281,Unchanged,35,False,6,24.05,21918,18.67539173334015,Senior,High,False
1482,E1483,26,Male,Master,Finance,Accountant,2,Low,High,True,92695,93594,Unchanged,54,False,9,10.82,899,0.9698473488321917,Junior,High,False
1483,E1484,44,Other,Phd,Finance,Investment analyst,19,Low,Medium,False,68108,65680,Modified,47,False,5,34.88,-2428,-3.5649262935337998,Senior,Medium,False
1484,E1485,42,Female,High school,Marketing,Seo specialist,19,High,High,True,102683,116833,Modified,38,True,5,1.4,14150,13.780275215955903,Senior,High,False
1485,E1486,44,Male,Master,Education,Teacher,18,High,Low,True,95587,127938,Unchanged,54,True,5,19.37,32351,33.84456045278124,Senior,Low,False
1486,E1487,28,Male,Master,Manufacturing,Quality inspector,2,Low,Medium,False,36057,36892,Modified,43,False,6,-1.13,835,2.3157777962670214,Junior,Medium,False
1487,E1488,37,Other,Bachelor,Education,Teacher,15,High,Medium,True,64293,58173,Modified,48,True,5,-8.08,-6120,-9.518921188931921,Senior,Medium,False
1488,E1489,42,Female,Bachelor,It,Devops engineer,18,Low,Low,False,53284,52001,Unchanged,54,False,6,0.67,-1283,-2.407852263343593,Senior,Low,False
1489,E1490,47,Male,Phd,Retail,Store manager,24,Medium,Low,True,111490,110799,Unchanged,51,False,3,-13.65,-691,-0.6197865279397256,Senior,Low,False
1490,E1491,44,Other,Bachelor,It,Devops engineer,21,Low,Low,True,82328,88060,Unchanged,37,True,5,12.28,5732,6.96239432513847,Senior,Low,False
1491,E1492,49,Female,High school,Manufacturing,Quality inspector,25,Low,Medium,False,112533,113707,Modified,47,True,5,34.43,1174,1.0432495356917526,Senior,Medium,False
1492,E1493,32,Female,High school,Marketing,Digital marketer,6,High,High,False,55792,56275,Replaced,37,False,9,11.23,483,0.8657155147691424,Mid,High,True
1493,E1494,47,Female,Phd,It,Data analyst,21,High,High,True,78542,98309,Replaced,42,False,6,29.4,19767,25.167426345140182,Senior,High,True
1494,E1495,46,Other,Master,It,Devops engineer,22,High,High,False,116120,126898,Replaced,43,True,9,-10.71,10778,9.281777471581124,Senior,High,True
1495,E1496,44,Other,Master,It,Devops engineer,18,High,Medium,False,105700,147546,Modified,48,False,8,-13.63,41846,39.58940397350993,Senior,Medium,False
1496,E1497,33,Male,High school,Finance,Investment analyst,10,High,Medium,False,118090,130712,Modified,35,False,6,18.64,12622,10.688457955796427,Senior,Medium,False
1497,E1498,49,Female,Bachelor,It,Data analyst,27,High,Medium,True,90162,118026,Modified,36,True,7,-18.78,27864,30.904372130165704,Senior,Medium,False
1498,E1499,46,Male,Bachelor,Retail,Sales associate,21,High,Low,False,89622,94846,Unchanged,44,True,8,8.03,5224,5.828925933364576,Senior,Low,False
1499,E1500,50,Female,Master,Finance,Accountant,28,Medium,High,True,57301,58606,Unchanged,45,False,5,-2.65,1305,2.277447164970943,Senior,High,False
1500,E1501,40,Male,High school,Manufacturing,Quality inspector,17,High,Medium,True,55230,73580,Modified,47,True,7,1.49,18350,33.224696722795585,Senior,Medium,False
1501,E1502,25,Female,Bachelor,Education,Teacher,0,Medium,Low,False,35239,36367,Unchanged,46,False,7,-14.53,1128,3.2009988932716595,Junior,Low,False
1502,E1503,32,Other,Bachelor,It,Data analyst,7,Medium,Medium,False,64674,76846,Modified,36,False,4,9.97,12172,18.820546123635467,Senior,Medium,False
1503,E1504,46,Other,High school,Marketing,Content creator,20,Low,High,True,89254,90076,Unchanged,36,True,5,37.2,822,0.9209671275236965,Senior,High,False
1504,E1505,40,Female,High school,Marketing,Digital marketer,16,Medium,High,True,80100,84056,Unchanged,44,True,5,13.25,3956,4.938826466916354,Senior,High,False
1505,E1506,59,Male,Phd,Finance,Auditor,33,Medium,Low,False,102790,100288,Unchanged,44,False,9,28.64,-2502,-2.4340889191555597,Senior,Low,False
1506,E1507,25,Male,Master,Marketing,Seo specialist,2,High,Medium,False,117618,98333,Modified,44,True,5,-0.47,-19285,-16.396299886071862,Junior,Medium,False
1507,E1508,49,Other,Master,Finance,Investment analyst,27,Medium,Low,True,45003,45887,Unchanged,47,False,7,34.26,884,1.9643134902117638,Senior,Low,False
1508,E1509,32,Male,Bachelor,Education,Administrator,10,Low,Medium,True,63717,67093,Modified,39,False,9,5.0,3376,5.298428990693221,Senior,Medium,False
1509,E1510,55,Female,Master,Marketing,Content creator,33,High,Low,True,74331,60556,Unchanged,36,True,5,27.44,-13775,-18.531971855618785,Senior,Low,False
1510,E1511,49,Female,Bachelor,Retail,Sales associate,26,Low,Low,False,45701,47568,Unchanged,46,False,6,37.77,1867,4.0852497757160675,Senior,Low,False
1511,E1512,33,Other,High school,Retail,Sales associate,9,High,Medium,False,88715,89594,Modified,40,True,3,17.65,879,0.9908132784760187,Senior,Medium,False
1512,E1513,54,Other,High school,Finance,Auditor,29,High,Low,True,31626,41687,Unchanged,45,True,7,20.44,10061,31.812432808448744,Senior,Low,False
1513,E1514,55,Female,Bachelor,Education,Teacher,30,Medium,Low,True,64875,72346,Unchanged,37,False,4,29.98,7471,11.515992292870905,Senior,Low,False
1514,E1515,40,Female,Master,Retail,Sales associate,18,Low,Low,False,46427,48921,Unchanged,38,True,3,33.0,2494,5.371874124970383,Senior,Low,False
1515,E1516,45,Male,Phd,Manufacturing,Machine operator,19,High,Low,False,90289,84152,Unchanged,46,True,6,3.31,-6137,-6.79706276512089,Senior,Low,False
1516,E1517,33,Other,High school,Finance,Investment analyst,9,Low,Low,False,40360,42372,Unchanged,45,True,7,-7.18,2012,4.985133795837463,Senior,Low,False
1517,E1518,48,Female,Bachelor,Healthcare,Technician,25,Low,Medium,False,50927,55847,Modified,48,True,6,-3.1,4920,9.660887152198244,Senior,Medium,False
1518,E1519,23,Female,Bachelor,It,Devops engineer,1,Medium,Low,True,83767,86098,Unchanged,37,True,9,-2.75,2331,2.7827187317201285,Junior,Low,False
1519,E1520,36,Other,Phd,Manufacturing,Supervisor,13,Medium,Medium,False,45932,48456,Modified,54,True,6,10.28,2524,5.495079683009666,Senior,Medium,False
1520,E1521,24,Male,Bachelor,Finance,Auditor,0,High,High,True,59250,80517,Modified,46,True,7,22.47,21267,35.89367088607595,Junior,High,False
1521,E1522,38,Male,Phd,Retail,Cashier,13,High,Medium,False,75530,76795,Modified,40,False,9,-7.2,1265,1.674831192903482,Senior,Medium,False
1522,E1523,46,Male,Master,Marketing,Digital marketer,20,Medium,Medium,False,81357,85990,Modified,45,True,8,33.92,4633,5.694654424327347,Senior,Medium,False
1523,E1524,42,Female,Bachelor,Healthcare,Nurse,20,Medium,High,False,92028,90031,Unchanged,49,True,7,12.28,-1997,-2.1699917416438477,Senior,High,False
1524,E1525,52,Female,Bachelor,Manufacturing,Machine operator,28,High,Medium,True,45701,47841,Modified,50,True,4,36.86,2140,4.682610883788101,Senior,Medium,False
1525,E1526,26,Other,Phd,It,Data analyst,4,Low,Low,False,45021,47989,Unchanged,44,True,8,0.34,2968,6.59247906532507,Mid,Low,False
1526,E1527,47,Female,Bachelor,Healthcare,Nurse,21,Low,Low,True,79004,80218,Unchanged,44,False,5,7.14,1214,1.5366310566553592,Senior,Low,False
1527,E1528,52,Female,Phd,Education,Administrator,26,Low,High,False,33810,35508,Unchanged,51,False,8,33.75,1698,5.022182786157941,Senior,High,False
1528,E1529,53,Male,Bachelor,Healthcare,Doctor,28,High,Low,False,36163,37686,Unchanged,49,True,4,-11.78,1523,4.211486878854077,Senior,Low,False
1529,E1530,22,Female,Bachelor,It,Devops engineer,0,Medium,High,False,78348,88461,Unchanged,46,True,9,-4.5,10113,12.907795987134325,Junior,High,False
1530,E1531,29,Female,Phd,Education,Teacher,4,Low,Low,True,89405,95232,Unchanged,50,True,7,-17.57,5827,6.5175325764778265,Mid,Low,False
1531,E1532,28,Other,Bachelor,Finance,Accountant,4,High,Medium,True,88445,103672,Modified,54,False,7,-2.34,15227,17.21634914353553,Mid,Medium,False
1532,E1533,57,Male,Phd,It,Software engineer,33,Low,High,False,79116,82604,Unchanged,42,True,9,-1.91,3488,4.408716315283887,Senior,High,False
1533,E1534,59,Female,High school,Education,Administrator,36,High,Low,False,63615,75713,Unchanged,40,True,3,-0.26,12098,19.017527312740707,Senior,Low,False
1534,E1535,33,Other,Bachelor,Marketing,Seo specialist,9,High,Low,True,32365,41038,Unchanged,47,False,7,20.0,8673,26.797466398887686,Senior,Low,False
1535,E1536,51,Other,Bachelor,Manufacturing,Quality inspector,25,Medium,Low,False,61912,66372,Unchanged,36,True,6,31.22,4460,7.203773097299393,Senior,Low,False
1536,E1537,39,Male,Phd,Manufacturing,Supervisor,13,Medium,High,True,63298,66691,Unchanged,44,True,7,39.53,3393,5.360358937091219,Senior,High,False
1537,E1538,43,Other,Bachelor,Finance,Auditor,17,High,Medium,False,51686,45819,Modified,48,False,8,35.22,-5867,-11.351236311573734,Senior,Medium,False
1538,E1539,29,Female,Phd,Education,Professor,3,Low,Low,False,60226,62706,Unchanged,41,True,5,-13.71,2480,4.117822867200212,Mid,Low,False
1539,E1540,47,Male,Phd,Manufacturing,Supervisor,22,Low,Medium,False,30557,32345,Modified,42,True,5,29.96,1788,5.851359753902543,Senior,Medium,False
1540,E1541,49,Female,Phd,Marketing,Digital marketer,23,High,High,False,87500,88387,Modified,47,False,6,35.03,887,1.0137142857142856,Senior,High,False
1541,E1542,26,Female,Master,Healthcare,Nurse,2,High,High,True,100202,89409,Modified,49,True,9,27.61,-10793,-10.771242090976228,Junior,High,False
1542,E1543,52,Other,Phd,Education,Teacher,26,High,High,True,64928,88297,Replaced,35,False,8,36.3,23369,35.992175948743224,Senior,High,True
1543,E1544,36,Female,Master,Education,Professor,11,High,High,False,48361,38899,Replaced,49,False,6,-16.35,-9462,-19.565352246645023,Senior,High,True
1544,E1545,25,Female,Bachelor,Healthcare,Doctor,2,High,Low,False,38798,50797,Unchanged,54,True,3,-2.11,11999,30.926851899582452,Junior,Low,False
1545,E1546,29,Female,Master,Retail,Store manager,7,Medium,High,False,117638,124480,Unchanged,36,True,7,-0.5,6842,5.81614784338394,Senior,High,False
1546,E1547,25,Male,Phd,Education,Professor,0,Low,Medium,True,39649,41274,Modified,42,False,6,17.61,1625,4.098464021791218,Junior,Medium,False
1547,E1548,59,Male,Master,It,Software engineer,36,High,High,True,106215,140573,Replaced,42,False,8,-7.06,34358,32.34759685543473,Senior,High,True
1548,E1549,52,Male,Phd,Education,Teacher,30,High,Medium,False,81928,113454,Modified,47,True,5,16.23,31526,38.48012889366273,Senior,Medium,False
1549,E1550,46,Male,High school,Finance,Accountant,22,Medium,High,True,77396,84818,Unchanged,45,True,3,10.14,7422,9.589642875600807,Senior,High,False
1550,E1551,44,Female,Bachelor,Finance,Accountant,22,High,High,False,115782,117419,Replaced,47,True,6,-13.5,1637,1.413863985766354,Senior,High,True
1551,E1552,55,Female,Master,Finance,Auditor,32,Low,High,True,80355,77398,Unchanged,42,True,3,33.61,-2957,-3.6799203534316467,Senior,High,False
1552,E1553,55,Male,Bachelor,Manufacturing,Supervisor,30,Low,Low,False,116478,127503,Unchanged,48,True,8,-13.13,11025,9.465306753206614,Senior,Low,False
1553,E1554,44,Female,Phd,Healthcare,Nurse,18,Medium,High,True,88806,85656,Unchanged,47,False,6,29.52,-3150,-3.5470576312411324,Senior,High,False
1554,E1555,41,Other,Bachelor,Manufacturing,Quality inspector,19,Medium,High,False,66303,67600,Unchanged,36,True,9,-9.79,1297,1.9561709123267423,Senior,High,False
1555,E1556,59,Male,Phd,Education,Professor,33,Low,Low,True,68057,70391,Unchanged,44,False,9,-7.14,2334,3.4294782314824337,Senior,Low,False
1556,E1557,36,Other,Master,Finance,Auditor,12,Low,Low,False,53752,56342,Unchanged,51,False,7,37.25,2590,4.8184253609168035,Senior,Low,False
1557,E1558,30,Female,Bachelor,Education,Administrator,6,High,High,False,118406,102997,Replaced,35,True,8,15.79,-15409,-13.013698630136986,Mid,High,True
1558,E1559,51,Other,Master,It,Software engineer,25,Medium,Low,False,59203,56270,Unchanged,47,True,9,21.63,-2933,-4.954140837457562,Senior,Low,False
1559,E1560,29,Male,Bachelor,Retail,Sales associate,4,Low,Medium,False,105948,112647,Modified,50,True,4,18.92,6699,6.3229131271944725,Mid,Medium,False
1560,E1561,32,Female,High school,Education,Administrator,7,High,Low,True,49323,60231,Unchanged,52,True,7,30.14,10908,22.115443099568154,Senior,Low,False
1561,E1562,38,Other,High school,Education,Professor,14,Low,High,True,95408,99829,Unchanged,38,True,9,20.79,4421,4.63378333053832,Senior,High,False
1562,E1563,49,Female,Master,Education,Teacher,24,Medium,High,False,89316,84815,Unchanged,47,False,6,38.66,-4501,-5.039410631913655,Senior,High,False
1563,E1564,53,Other,High school,Finance,Accountant,27,Medium,Low,False,31614,30831,Unchanged,49,False,4,21.38,-783,-2.476750806604669,Senior,Low,False
1564,E1565,27,Male,Master,Healthcare,Technician,5,High,High,True,79648,82944,Modified,39,True,9,-10.3,3296,4.13820811570912,Mid,High,False
1565,E1566,54,Female,Phd,Education,Teacher,32,High,Low,False,52072,62260,Unchanged,48,False,5,34.87,10188,19.565217391304348,Senior,Low,False
1566,E1567,27,Other,High school,Retail,Cashier,3,Medium,Low,False,34960,37742,Unchanged,44,True,5,-2.45,2782,7.95766590389016,Mid,Low,False
1567,E1568,40,Other,High school,Healthcare,Technician,16,Low,High,True,47883,48972,Unchanged,44,True,5,-1.67,1089,2.2742935906271535,Senior,High,False
1568,E1569,55,Female,Master,Healthcare,Doctor,30,High,Medium,True,85031,73868,Modified,41,True,4,39.82,-11163,-13.128153261751596,Senior,Medium,False
1569,E1570,47,Female,Bachelor,Healthcare,Nurse,24,Low,Low,False,63525,65688,Unchanged,44,True,7,-18.7,2163,3.4049586776859506,Senior,Low,False
1570,E1571,37,Other,Master,It,Software engineer,15,Medium,Medium,False,30908,33696,Modified,42,False,7,39.08,2788,9.020318364177559,Senior,Medium,False
1571,E1572,43,Female,Bachelor,Finance,Accountant,20,High,Low,True,79323,95051,Unchanged,38,True,4,9.39,15728,19.827792695687254,Senior,Low,False
1572,E1573,55,Female,Master,Healthcare,Technician,32,Low,Low,False,96351,99440,Unchanged,48,True,9,-17.55,3089,3.2059864453923677,Senior,Low,False
1573,E1574,36,Other,High school,Marketing,Seo specialist,14,Medium,High,True,87183,84437,Unchanged,37,False,9,-6.79,-2746,-3.1496966151658006,Senior,High,False
1574,E1575,36,Other,Phd,Manufacturing,Machine operator,10,Low,Medium,False,94471,100728,Modified,50,True,9,3.56,6257,6.623196536503266,Senior,Medium,False
1575,E1576,27,Male,High school,Marketing,Digital marketer,4,Medium,High,False,63387,57628,Unchanged,36,True,3,-12.09,-5759,-9.085459163550885,Mid,High,False
1576,E1577,48,Male,Bachelor,Marketing,Digital marketer,22,Medium,Medium,False,102356,95402,Modified,41,True,4,19.61,-6954,-6.793934893899722,Senior,Medium,False
1577,E1578,33,Female,High school,Marketing,Seo specialist,11,High,Low,False,55976,68475,Unchanged,47,False,4,24.75,12499,22.32921251965128,Senior,Low,False
1578,E1579,56,Other,High school,Retail,Sales associate,34,Low,Medium,False,94814,94757,Modified,47,False,8,-11.71,-57,-0.06011770413651992,Senior,Medium,False
1579,E1580,26,Other,High school,Manufacturing,Machine operator,1,Medium,Medium,False,119439,108977,Modified,52,True,7,2.73,-10462,-8.759282981270774,Junior,Medium,False
1580,E1581,31,Other,Master,Marketing,Digital marketer,5,High,Low,True,52488,56196,Unchanged,38,False,4,34.65,3708,7.064471879286695,Mid,Low,False
1581,E1582,27,Male,High school,Education,Professor,2,Low,High,False,78478,78371,Unchanged,40,True,4,22.97,-107,-0.13634394352557405,Junior,High,False
1582,E1583,45,Other,Bachelor,Education,Professor,23,Low,Medium,False,82800,84035,Modified,52,False,7,9.58,1235,1.4915458937198067,Senior,Medium,False
1583,E1584,33,Female,Bachelor,Manufacturing,Quality inspector,9,High,High,True,83871,83496,Replaced,46,False,5,8.54,-375,-0.44711521264799514,Senior,High,True
1584,E1585,29,Female,Phd,Education,Teacher,4,High,Low,True,37470,49965,Unchanged,51,False,9,8.07,12495,33.3466773418735,Mid,Low,False
1585,E1586,53,Female,Master,Retail,Cashier,31,Low,Low,False,34300,36285,Unchanged,54,False,3,15.1,1985,5.7871720116618075,Senior,Low,False
1586,E1587,38,Female,High school,Marketing,Seo specialist,13,Low,Low,False,58804,61946,Unchanged,44,False,8,20.75,3142,5.343173933746003,Senior,Low,False
1587,E1588,49,Other,High school,Healthcare,Technician,27,High,Low,False,93146,111457,Unchanged,52,True,6,-0.63,18311,19.658385759989695,Senior,Low,False
1588,E1589,31,Other,High school,Healthcare,Nurse,8,High,High,True,32921,45331,Modified,40,True,5,10.69,12410,37.69630327146806,Senior,High,False
1589,E1590,52,Female,Phd,Manufacturing,Supervisor,30,Low,Medium,False,88596,89604,Modified,51,False,4,12.65,1008,1.1377488825680617,Senior,Medium,False
1590,E1591,55,Male,Phd,Manufacturing,Machine operator,32,Medium,Low,False,102467,107469,Unchanged,45,False,7,-9.85,5002,4.881571627938751,Senior,Low,False
1591,E1592,26,Male,High school,Education,Administrator,4,High,Medium,True,52320,49392,Modified,40,False,4,13.42,-2928,-5.596330275229358,Mid,Medium,False
1592,E1593,35,Female,Phd,It,Devops engineer,11,Medium,Low,True,99837,100892,Unchanged,44,False,3,37.6,1055,1.0567224576058976,Senior,Low,False
1593,E1594,29,Female,Bachelor,Manufacturing,Supervisor,7,Medium,Low,False,104092,102602,Unchanged,39,True,6,-3.75,-1490,-1.4314260461899089,Senior,Low,False
1594,E1595,38,Female,Phd,It,Data analyst,12,Low,Medium,False,76099,74575,Modified,53,False,7,-6.09,-1524,-2.002654436983403,Senior,Medium,False
1595,E1596,24,Female,Master,It,Devops engineer,2,Low,High,True,105166,102546,Unchanged,36,True,3,-9.13,-2620,-2.491299469410266,Junior,High,False
1596,E1597,34,Female,Bachelor,Finance,Investment analyst,8,Medium,Low,True,66776,79208,Unchanged,49,True,6,28.85,12432,18.617467353540192,Senior,Low,False
1597,E1598,57,Female,Phd,Healthcare,Technician,32,Medium,Medium,True,63289,72335,Modified,46,False,8,30.23,9046,14.293163108913081,Senior,Medium,False
1598,E1599,24,Other,Phd,Healthcare,Nurse,2,Medium,Low,True,81550,94846,Unchanged,50,True,8,-12.44,13296,16.30410790925812,Junior,Low,False
1599,E1600,24,Male,High school,It,Data analyst,2,High,High,False,48932,43900,Modified,53,True,5,22.05,-5032,-10.283658955284885,Junior,High,False
1600,E1601,33,Other,Bachelor,Marketing,Content creator,7,High,High,True,53016,67739,Replaced,53,False,5,-19.77,14723,27.770861626678737,Senior,High,True
1601,E1602,59,Female,Bachelor,Finance,Auditor,35,Low,Medium,False,94325,101586,Modified,44,True,5,-12.35,7261,7.697853167240923,Senior,Medium,False
1602,E1603,25,Other,Bachelor,Manufacturing,Quality inspector,3,Medium,High,True,40956,40133,Unchanged,53,True,5,33.97,-823,-2.009473581404434,Mid,High,False
1603,E1604,33,Male,Master,It,Software engineer,9,Low,Medium,True,86901,88400,Modified,44,True,5,-4.63,1499,1.7249513814570603,Senior,Medium,False
1604,E1605,24,Female,Phd,Retail,Cashier,0,Low,Medium,True,101835,100157,Modified,45,False,8,-16.66,-1678,-1.6477635390582805,Junior,Medium,False
1605,E1606,41,Other,Phd,Manufacturing,Quality inspector,17,High,Medium,False,116879,128301,Modified,50,True,4,21.4,11422,9.772499764713935,Senior,Medium,False
1606,E1607,34,Male,Master,Education,Teacher,10,High,Medium,False,69470,84917,Modified,52,True,9,9.55,15447,22.235497336979993,Senior,Medium,False
1607,E1608,58,Other,Master,Education,Professor,32,Medium,Low,True,61704,70946,Unchanged,49,False,6,4.11,9242,14.977959289511213,Senior,Low,False
1608,E1609,50,Other,Bachelor,Manufacturing,Machine operator,26,Medium,Medium,False,102793,99982,Modified,42,True,8,-9.86,-2811,-2.7346220073351297,Senior,Medium,False
1609,E1610,44,Female,Master,Healthcare,Nurse,18,Low,Low,False,41278,41905,Unchanged,50,False,3,-0.15,627,1.5189689422937158,Senior,Low,False
1610,E1611,40,Other,Bachelor,It,Software engineer,16,High,Medium,True,52191,50525,Modified,48,True,4,-11.24,-1666,-3.192121246958288,Senior,Medium,False
1611,E1612,47,Male,High school,Retail,Store manager,21,High,High,False,100022,119848,Modified,39,False,3,2.87,19826,19.82163923936734,Senior,High,False
1612,E1613,25,Other,High school,It,Software engineer,0,High,High,True,111455,125354,Replaced,40,True,7,-18.58,13899,12.470503790767575,Junior,High,True
1613,E1614,57,Male,Master,It,Data analyst,31,Low,Medium,False,95263,102157,Modified,43,False,6,36.09,6894,7.236807574819185,Senior,Medium,False
1614,E1615,50,Female,Master,Healthcare,Nurse,25,Medium,High,True,77147,80248,Unchanged,52,False,7,17.59,3101,4.019598947463932,Senior,High,False
1615,E1616,34,Female,High school,Marketing,Seo specialist,11,Low,Medium,True,91344,94519,Modified,39,False,7,36.92,3175,3.475871431073743,Senior,Medium,False
1616,E1617,27,Male,High school,Education,Professor,3,High,Medium,True,63071,53805,Modified,35,False,9,-18.42,-9266,-14.691379556372977,Mid,Medium,False
1617,E1618,42,Other,Master,Marketing,Content creator,18,High,Medium,True,106762,117769,Modified,36,False,6,24.88,11007,10.3098480732845,Senior,Medium,False
1618,E1619,43,Male,Master,Marketing,Seo specialist,21,High,High,False,60314,57975,Replaced,45,False,3,0.86,-2339,-3.8780382664058095,Senior,High,True
1619,E1620,46,Other,Bachelor,It,Data analyst,23,Low,High,False,104420,106921,Unchanged,42,True,5,27.15,2501,2.3951350316031412,Senior,High,False
1620,E1621,48,Female,Master,It,Devops engineer,23,Low,High,True,52161,54374,Unchanged,39,False,4,9.93,2213,4.242633385096144,Senior,High,False
1621,E1622,24,Male,Phd,Healthcare,Doctor,0,Medium,Medium,True,71552,85376,Modified,52,False,8,30.62,13824,19.32021466905188,Junior,Medium,False
1622,E1623,59,Other,Master,Manufacturing,Quality inspector,37,Medium,High,False,66394,70313,Unchanged,39,True,7,-11.73,3919,5.902641804982379,Senior,High,False
1623,E1624,50,Female,Phd,Finance,Investment analyst,25,Medium,High,True,33188,35745,Unchanged,45,False,6,21.72,2557,7.704592021212486,Senior,High,False
1624,E1625,50,Female,Bachelor,Healthcare,Technician,26,Low,Low,False,87944,89774,Unchanged,50,True,5,2.97,1830,2.080869644319112,Senior,Low,False
1625,E1626,48,Male,Phd,Education,Administrator,23,High,Low,False,80304,79886,Unchanged,53,False,5,3.77,-418,-0.520522016337916,Senior,Low,False
1626,E1627,47,Other,Bachelor,Finance,Investment analyst,25,Low,High,True,68745,66114,Unchanged,46,False,8,27.29,-2631,-3.827187431813223,Senior,High,False
1627,E1628,29,Male,Master,Marketing,Seo specialist,6,Medium,High,False,30944,29600,Unchanged,40,True,7,-13.19,-1344,-4.3433298862461225,Mid,High,False
1628,E1629,45,Female,Bachelor,Retail,Store manager,20,Medium,High,False,58114,66296,Unchanged,44,False,6,28.54,8182,14.079223595002926,Senior,High,False
1629,E1630,34,Other,High school,Retail,Cashier,9,Medium,Medium,False,105726,102977,Modified,48,True,5,21.72,-2749,-2.6001172843009286,Senior,Medium,False
1630,E1631,39,Female,Master,Education,Administrator,13,Medium,Medium,False,56467,51319,Modified,43,True,9,-9.3,-5148,-9.116829298528344,Senior,Medium,False
1631,E1632,22,Female,Bachelor,Manufacturing,Supervisor,0,High,Medium,True,79222,105045,Modified,37,True,7,34.75,25823,32.595743606573926,Junior,Medium,False
1632,E1633,31,Other,Phd,Retail,Cashier,8,Low,Low,True,76022,73024,Unchanged,41,False,3,14.8,-2998,-3.9435952750519587,Senior,Low,False
1633,E1634,48,Male,Master,Manufacturing,Quality inspector,26,High,Medium,False,66355,72526,Modified,44,True,5,-18.65,6171,9.29997739431844,Senior,Medium,False
1634,E1635,48,Other,Phd,Healthcare,Technician,24,Medium,High,False,105675,95457,Unchanged,51,True,8,-1.27,-10218,-9.669268985095812,Senior,High,False
1635,E1636,51,Male,Phd,Education,Administrator,29,Low,Medium,False,76996,73772,Modified,46,False,3,15.8,-3224,-4.1872305054808034,Senior,Medium,False
1636,E1637,41,Other,Master,Finance,Auditor,19,High,Medium,False,86880,75258,Modified,47,False,5,8.07,-11622,-13.37707182320442,Senior,Medium,False
1637,E1638,23,Other,Bachelor,Marketing,Digital marketer,0,Low,Medium,False,61876,60759,Modified,51,False,7,16.97,-1117,-1.8052233499256578,Junior,Medium,False
1638,E1639,51,Other,Master,It,Data analyst,29,Medium,Medium,False,38507,37953,Modified,54,False,4,30.65,-554,-1.4386994572415406,Senior,Medium,False
1639,E1640,26,Female,Master,It,Software engineer,3,Medium,High,False,75499,72226,Unchanged,45,False,8,22.07,-3273,-4.33515675704314,Mid,High,False
1640,E1641,38,Male,Master,Manufacturing,Quality inspector,12,Low,Medium,False,32389,34294,Modified,50,False,8,-6.21,1905,5.881626478125289,Senior,Medium,False
1641,E1642,27,Other,Phd,Education,Professor,4,Medium,Low,True,83950,81536,Unchanged,54,False,7,2.79,-2414,-2.8755211435378203,Mid,Low,False
1642,E1643,53,Female,Phd,Retail,Store manager,30,Medium,High,False,77857,77620,Unchanged,38,True,8,-0.88,-237,-0.30440422826463903,Senior,High,False
1643,E1644,43,Male,Bachelor,Healthcare,Technician,19,Medium,Medium,True,92583,107195,Modified,51,False,3,-4.62,14612,15.782595076849962,Senior,Medium,False
1644,E1645,52,Male,Phd,Education,Professor,29,Medium,High,True,91161,100143,Unchanged,38,True,6,6.89,8982,9.85289762069306,Senior,High,False
1645,E1646,47,Female,High school,Retail,Sales associate,22,Medium,Medium,False,93472,110894,Modified,38,True,7,35.55,17422,18.638736733995206,Senior,Medium,False
1646,E1647,44,Female,Bachelor,Manufacturing,Quality inspector,18,Medium,Low,True,97143,90954,Unchanged,40,True,5,-9.88,-6189,-6.371020042617584,Senior,Low,False
1647,E1648,37,Female,Master,Marketing,Digital marketer,11,Medium,High,False,50175,51123,Unchanged,52,True,7,-15.33,948,1.8893871449925264,Senior,High,False
1648,E1649,24,Female,Phd,Marketing,Content creator,0,Medium,High,False,105017,94760,Unchanged,49,True,3,25.18,-10257,-9.766990106363732,Junior,High,False
1649,E1650,28,Male,High school,Marketing,Seo specialist,3,High,Medium,True,84567,100008,Modified,49,True,7,-2.24,15441,18.258895313774875,Mid,Medium,False
1650,E1651,27,Other,Phd,Finance,Accountant,2,Medium,Medium,False,55594,59572,Modified,40,False,4,15.03,3978,7.155448429686658,Junior,Medium,False
1651,E1652,42,Male,High school,It,Software engineer,16,Low,Low,False,93226,98857,Unchanged,46,True,3,13.41,5631,6.0401604702550795,Senior,Low,False
1652,E1653,58,Female,Bachelor,Healthcare,Technician,35,High,Low,False,78704,76573,Unchanged,45,False,7,-10.38,-2131,-2.7076133360439116,Senior,Low,False
1653,E1654,39,Female,High school,Education,Administrator,17,High,High,False,119532,109181,Replaced,50,False,4,8.17,-10351,-8.65960579593749,Senior,High,True
1654,E1655,38,Female,Master,Education,Administrator,13,Medium,High,False,80665,84471,Unchanged,47,True,6,37.97,3806,4.71827930329139,Senior,High,False
1655,E1656,49,Female,Master,Manufacturing,Machine operator,26,Low,Medium,True,92820,93156,Modified,54,False,7,23.77,336,0.36199095022624433,Senior,Medium,False
1656,E1657,50,Other,Phd,Retail,Sales associate,26,Medium,Medium,False,103802,106450,Modified,43,False,8,6.45,2648,2.5510105778308705,Senior,Medium,False
1657,E1658,30,Female,Master,It,Devops engineer,6,High,Medium,True,99852,91068,Modified,46,False,8,0.76,-8784,-8.797019588991708,Mid,Medium,False
1658,E1659,39,Male,High school,Healthcare,Nurse,14,Medium,High,False,31214,31781,Unchanged,44,False,6,4.98,567,1.8164925994745946,Senior,High,False
1659,E1660,40,Other,Master,Manufacturing,Machine operator,18,Medium,Medium,False,55538,55614,Modified,36,False,7,-1.4,76,0.13684324246461882,Senior,Medium,False
1660,E1661,50,Other,Master,Marketing,Seo specialist,28,Medium,High,False,102105,100322,Unchanged,52,False,7,10.43,-1783,-1.7462416140247783,Senior,High,False
1661,E1662,36,Male,Master,Manufacturing,Supervisor,11,Low,Low,True,56119,58213,Unchanged,46,True,4,-5.07,2094,3.731356581549921,Senior,Low,False
1662,E1663,54,Male,High school,Retail,Store manager,31,High,Medium,True,47881,62530,Modified,49,True,4,9.38,14649,30.594599110294276,Senior,Medium,False
1663,E1664,22,Other,Bachelor,Manufacturing,Quality inspector,0,Low,High,True,85041,83422,Unchanged,44,False,4,21.24,-1619,-1.903787584812032,Junior,High,False
1664,E1665,38,Other,Master,Finance,Accountant,15,Medium,Low,True,32786,31682,Unchanged,40,True,5,-3.54,-1104,-3.3672909168547553,Senior,Low,False
1665,E1666,42,Other,Phd,Manufacturing,Machine operator,16,Medium,Medium,False,39745,40791,Modified,38,True,8,-15.89,1046,2.631777582085797,Senior,Medium,False
1666,E1667,45,Female,Bachelor,Education,Teacher,19,High,Medium,True,116089,123932,Modified,52,False,3,-6.52,7843,6.756023395842845,Senior,Medium,False
1667,E1668,59,Male,High school,Manufacturing,Quality inspector,33,Medium,Medium,False,57350,58075,Modified,44,True,5,9.87,725,1.264167393199651,Senior,Medium,False
1668,E1669,34,Male,Phd,Retail,Store manager,9,High,Low,True,63800,70945,Unchanged,36,False,9,27.28,7145,11.199059561128527,Senior,Low,False
1669,E1670,26,Male,Bachelor,Healthcare,Doctor,3,Low,Low,True,70498,69551,Unchanged,42,False,3,-10.85,-947,-1.3433005191636642,Mid,Low,False
1670,E1671,45,Other,Phd,It,Data analyst,19,High,High,True,115366,99517,Replaced,51,True,7,38.96,-15849,-13.738016399979196,Senior,High,True
1671,E1672,59,Female,Bachelor,Marketing,Content creator,36,High,High,False,100423,91814,Modified,49,False,5,6.53,-8609,-8.572737321131612,Senior,High,False
1672,E1673,34,Male,Master,Marketing,Seo specialist,8,Medium,High,True,111311,111209,Unchanged,51,False,5,15.72,-102,-0.09163514836808581,Senior,High,False
1673,E1674,25,Other,Bachelor,Retail,Sales associate,0,Medium,Low,True,60482,69738,Unchanged,36,True,5,21.3,9256,15.303726728613473,Junior,Low,False
1674,E1675,44,Male,High school,Manufacturing,Supervisor,21,Low,High,True,43890,46967,Unchanged,44,False,5,35.1,3077,7.010708589655958,Senior,High,False
1675,E1676,56,Male,Bachelor,It,Software engineer,34,Low,High,True,101975,101796,Unchanged,40,True,4,-12.07,-179,-0.1755332189262074,Senior,High,False
1676,E1677,42,Female,Bachelor,Healthcare,Technician,18,Low,High,False,113312,124425,Unchanged,39,False,9,-0.92,11113,9.807434340581757,Senior,High,False
1677,E1678,54,Male,Bachelor,It,Data analyst,29,Medium,Medium,True,60383,58418,Modified,49,False,4,11.17,-1965,-3.2542271831475746,Senior,Medium,False
1678,E1679,24,Female,Phd,Marketing,Content creator,1,Medium,Low,True,47443,46435,Unchanged,51,False,8,-17.64,-1008,-2.124654848976667,Junior,Low,False
1679,E1680,48,Other,Bachelor,Retail,Store manager,26,High,Medium,True,62210,66763,Modified,47,True,5,21.88,4553,7.31875904195467,Senior,Medium,False
1680,E1681,47,Female,Master,Manufacturing,Machine operator,21,High,Medium,True,61971,71141,Modified,41,False,6,36.88,9170,14.79724387213374,Senior,Medium,False
1681,E1682,52,Other,Bachelor,It,Devops engineer,26,Low,Medium,False,112256,107900,Modified,47,True,5,34.87,-4356,-3.880416191562144,Senior,Medium,False
1682,E1683,47,Male,Master,Education,Administrator,24,Low,Medium,True,41217,41707,Modified,35,False,4,-4.61,490,1.188829851760196,Senior,Medium,False
1683,E1684,45,Female,Phd,Manufacturing,Machine operator,23,Low,Low,True,31218,31499,Unchanged,37,False,5,30.79,281,0.9001217246460376,Senior,Low,False
1684,E1685,25,Male,High school,It,Data analyst,0,Low,Medium,True,48226,49663,Modified,35,True,9,28.54,1437,2.9797204827271595,Junior,Medium,False
1685,E1686,32,Male,Phd,Finance,Accountant,8,High,Medium,False,61740,67994,Modified,46,False,3,37.95,6254,10.129575639779722,Senior,Medium,False
1686,E1687,31,Male,Bachelor,Healthcare,Technician,5,High,Medium,False,48413,44192,Modified,40,True,4,31.58,-4221,-8.71873257182988,Mid,Medium,False
1687,E1688,34,Other,Master,Marketing,Content creator,11,High,High,True,75924,61533,Replaced,41,True,6,24.03,-14391,-18.95448079658606,Senior,High,True
1688,E1689,46,Female,Phd,It,Software engineer,22,Medium,Low,True,77403,87544,Unchanged,52,False,7,7.74,10141,13.101559371083807,Senior,Low,False
1689,E1690,29,Female,High school,Finance,Investment analyst,3,Low,Low,True,105351,108849,Unchanged,50,False,6,14.52,3498,3.3203291852948715,Mid,Low,False
1690,E1691,57,Other,Bachelor,It,Data analyst,32,High,Medium,True,39290,49069,Modified,39,False,8,8.18,9779,24.88928480529397,Senior,Medium,False
1691,E1692,40,Female,Master,Finance,Accountant,17,Medium,High,True,115674,104743,Unchanged,42,False,8,-1.29,-10931,-9.449833151788647,Senior,High,False
1692,E1693,25,Male,Master,Retail,Store manager,0,Low,High,True,117211,120452,Unchanged,44,False,8,29.91,3241,2.7650988388461832,Junior,High,False
1693,E1694,35,Male,Phd,Retail,Store manager,9,High,High,False,113816,154751,Replaced,38,True,4,0.71,40935,35.965945034090105,Senior,High,True
1694,E1695,56,Other,Bachelor,It,Devops engineer,33,High,Medium,True,50011,57268,Modified,53,True,4,39.12,7257,14.510807622323089,Senior,Medium,False
1695,E1696,22,Male,Phd,Education,Teacher,0,Low,High,False,98879,103427,Unchanged,43,True,6,36.36,4548,4.599561079703475,Junior,High,False
1696,E1697,36,Other,Master,Marketing,Seo specialist,13,Medium,High,True,107066,122713,Unchanged,54,True,9,-17.32,15647,14.614350027086095,Senior,High,False
1697,E1698,56,Female,Bachelor,Retail,Store manager,33,Medium,Low,False,49056,49136,Unchanged,53,False,9,-9.46,80,0.16307893020221786,Senior,Low,False
1698,E1699,52,Other,High school,It,Software engineer,29,Medium,Medium,True,102999,100633,Modified,38,False,3,-17.91,-2366,-2.2971096806765114,Senior,Medium,False
1699,E1700,58,Other,High school,Education,Administrator,33,High,Low,False,73923,100737,Unchanged,54,True,3,12.54,26814,36.272878535773714,Senior,Low,False
1700,E1701,57,Female,Bachelor,Manufacturing,Supervisor,31,Low,Medium,False,59722,57031,Modified,43,True,6,-19.93,-2691,-4.505877231171093,Senior,Medium,False
1701,E1702,53,Male,Bachelor,Healthcare,Nurse,30,High,Low,True,37711,36154,Unchanged,40,False,6,10.84,-1557,-4.128768794251014,Senior,Low,False
1702,E1703,22,Female,High school,Marketing,Digital marketer,0,Medium,High,True,119848,119636,Unchanged,35,True,8,-11.85,-212,-0.17689072825579066,Junior,High,False
1703,E1704,30,Male,Master,Retail,Cashier,5,High,Medium,True,62963,66584,Modified,41,False,4,-1.71,3621,5.750996617060814,Mid,Medium,False
1704,E1705,34,Other,Bachelor,Education,Teacher,9,High,Medium,True,113441,127071,Modified,48,False,4,-13.21,13630,12.015056284764768,Senior,Medium,False
1705,E1706,29,Male,Master,Retail,Sales associate,5,Medium,Medium,False,30639,36372,Modified,46,True,3,21.81,5733,18.711446196024674,Mid,Medium,False
1706,E1707,24,Female,Bachelor,It,Devops engineer,1,Medium,High,True,64019,70074,Unchanged,50,False,9,23.29,6055,9.458129617769725,Junior,High,False
1707,E1708,40,Female,High school,Healthcare,Nurse,14,High,High,False,90531,120342,Modified,50,True,3,14.49,29811,32.92905192696424,Senior,High,False
1708,E1709,23,Other,Bachelor,It,Data analyst,0,Medium,Medium,False,40857,48003,Modified,47,True,3,-17.0,7146,17.490270945003306,Junior,Medium,False
1709,E1710,37,Male,Bachelor,Finance,Auditor,15,Medium,Medium,False,76111,91252,Modified,48,True,6,27.24,15141,19.893313712866735,Senior,Medium,False
1710,E1711,33,Male,Master,It,Software engineer,8,Medium,Low,True,72816,83342,Unchanged,53,False,3,-14.92,10526,14.455614150736102,Senior,Low,False
1711,E1712,49,Other,Phd,It,Devops engineer,27,High,High,False,57289,47747,Modified,49,True,9,14.44,-9542,-16.655902529281363,Senior,High,False
1712,E1713,59,Male,High school,Manufacturing,Machine operator,33,Medium,High,True,53437,55841,Unchanged,40,True,7,0.16,2404,4.498755543911522,Senior,High,False
1713,E1714,58,Female,Bachelor,Retail,Cashier,36,High,High,True,49455,67257,Modified,41,False,3,28.36,17802,35.99636032757052,Senior,High,False
1714,E1715,58,Female,Bachelor,Healthcare,Nurse,32,High,Low,True,60215,49418,Unchanged,45,False,6,-2.71,-10797,-17.930748152453706,Senior,Low,False
1715,E1716,39,Male,High school,Marketing,Content creator,17,Medium,Medium,True,59605,57397,Modified,47,True,9,15.95,-2208,-3.7043872158375977,Senior,Medium,False
1716,E1717,46,Female,Bachelor,Finance,Investment analyst,21,High,Low,True,116173,122414,Unchanged,39,True,5,13.95,6241,5.372160484794229,Senior,Low,False
1717,E1718,37,Other,Bachelor,Education,Administrator,11,Low,Low,True,102153,101319,Unchanged,50,True,9,-9.18,-834,-0.8164224251857508,Senior,Low,False
1718,E1719,33,Male,Phd,It,Devops engineer,10,Low,Medium,True,116426,123159,Modified,50,False,7,23.78,6733,5.783072509576899,Senior,Medium,False
1719,E1720,50,Male,Bachelor,Finance,Investment analyst,28,Low,High,False,117579,126906,Unchanged,43,True,9,24.56,9327,7.9325389737963405,Senior,High,False
1720,E1721,35,Male,Bachelor,Healthcare,Nurse,11,High,Medium,False,48676,66100,Modified,37,False,4,0.61,17424,35.79587476374394,Senior,Medium,False
1721,E1722,37,Female,Master,Manufacturing,Quality inspector,12,High,Low,False,41231,41102,Unchanged,40,True,5,34.49,-129,-0.3128713831825568,Senior,Low,False
1722,E1723,51,Other,Master,Finance,Auditor,29,Low,High,False,91517,88623,Unchanged,49,True,4,-7.28,-2894,-3.1622540074521672,Senior,High,False
1723,E1724,53,Other,Master,Healthcare,Doctor,27,Medium,High,True,40196,36423,Unchanged,37,False,6,11.31,-3773,-9.386506120011942,Senior,High,False
1724,E1725,55,Other,Master,Education,Teacher,33,High,Medium,False,54111,72296,Modified,35,False,9,29.39,18185,33.606845188593816,Senior,Medium,False
1725,E1726,39,Female,Master,It,Devops engineer,14,Medium,Low,True,85038,86385,Unchanged,47,True,9,27.22,1347,1.5839977421858462,Senior,Low,False
1726,E1727,35,Male,Master,Finance,Accountant,13,Low,High,False,46267,44327,Unchanged,54,False,7,-19.27,-1940,-4.193053364168846,Senior,High,False
1727,E1728,41,Other,High school,Manufacturing,Supervisor,15,Medium,Medium,True,37235,36525,Modified,36,False,3,10.69,-710,-1.9068081106485835,Senior,Medium,False
1728,E1729,51,Male,High school,Education,Teacher,28,Low,High,False,117218,118163,Unchanged,54,False,5,-4.92,945,0.8061901755703048,Senior,High,False
1729,E1730,31,Female,Phd,Education,Professor,5,High,Low,False,31942,38334,Unchanged,47,False,4,-5.96,6392,20.011270427650114,Mid,Low,False
1730,E1731,48,Female,High school,Education,Administrator,25,Medium,High,False,38983,40836,Unchanged,47,True,4,13.93,1853,4.753354026113947,Senior,High,False
1731,E1732,23,Male,Master,Education,Professor,0,High,Low,True,32673,27444,Unchanged,36,False,9,38.56,-5229,-16.004040033054817,Junior,Low,False
1732,E1733,58,Female,Phd,Finance,Auditor,33,Medium,Low,True,43665,45656,Unchanged,53,False,6,29.81,1991,4.559716019695408,Senior,Low,False
1733,E1734,45,Male,High school,It,Software engineer,20,Medium,High,True,39638,39384,Unchanged,53,True,8,34.59,-254,-0.6407992330591856,Senior,High,False
1734,E1735,56,Male,Master,Marketing,Seo specialist,34,Low,Low,False,32466,32426,Unchanged,40,True,6,8.27,-40,-0.12320581531448285,Senior,Low,False
1735,E1736,38,Female,High school,Healthcare,Nurse,16,Low,High,True,85309,92528,Unchanged,39,False,7,36.8,7219,8.462178668135836,Senior,High,False
1736,E1737,53,Male,Master,Marketing,Digital marketer,28,Medium,Medium,True,57684,67740,Modified,53,False,9,25.07,10056,17.432910339088828,Senior,Medium,False
1737,E1738,30,Other,Bachelor,Finance,Investment analyst,8,Low,Low,False,106882,113769,Unchanged,45,False,8,25.57,6887,6.4435545742033264,Senior,Low,False
1738,E1739,25,Female,Phd,It,Devops engineer,3,Low,Low,False,92919,95101,Unchanged,45,True,8,-18.07,2182,2.3482818368686704,Mid,Low,False
1739,E1740,59,Male,High school,Education,Administrator,33,Low,High,False,62788,68747,Unchanged,42,False,9,16.25,5959,9.49066700643435,Senior,High,False
1740,E1741,29,Other,Phd,Finance,Investment analyst,4,Low,High,False,89719,85395,Unchanged,50,True,3,-17.94,-4324,-4.819491969371036,Mid,High,False
1741,E1742,34,Other,Bachelor,Finance,Accountant,9,Medium,High,False,34314,32964,Unchanged,51,True,5,-3.79,-1350,-3.9342542402517924,Senior,High,False
1742,E1743,23,Other,Phd,Education,Teacher,0,Medium,High,True,46352,55057,Unchanged,39,False,3,-7.51,8705,18.780203658957543,Junior,High,False
1743,E1744,41,Male,High school,Manufacturing,Machine operator,15,High,Medium,True,32853,44455,Modified,37,False,8,-11.55,11602,35.314887529297174,Senior,Medium,False
1744,E1745,47,Other,Phd,Finance,Accountant,23,High,Medium,False,103927,106075,Modified,53,False,6,-18.47,2148,2.06683537483041,Senior,Medium,False
1745,E1746,37,Female,Bachelor,It,Data analyst,11,Medium,Low,True,36611,40633,Unchanged,54,False,6,7.95,4022,10.985769304307448,Senior,Low,False
1746,E1747,55,Male,Bachelor,Marketing,Content creator,32,High,Medium,False,92077,116487,Modified,51,True,7,11.61,24410,26.510420626215016,Senior,Medium,False
1747,E1748,46,Female,High school,Healthcare,Doctor,23,Low,High,False,50662,52560,Unchanged,49,False,7,-6.2,1898,3.7463976945244957,Senior,High,False
1748,E1749,34,Other,High school,Retail,Sales associate,9,High,Medium,False,110140,137206,Modified,53,False,7,33.99,27066,24.574178318503723,Senior,Medium,False
1749,E1750,58,Male,Master,Education,Professor,35,High,High,False,46693,39784,Modified,53,False,9,0.22,-6909,-14.796650461525282,Senior,High,False
1750,E1751,57,Other,Bachelor,Education,Teacher,34,Low,Medium,False,96330,99869,Modified,36,True,4,-4.45,3539,3.6738295442748883,Senior,Medium,False
1751,E1752,37,Male,Bachelor,Marketing,Content creator,15,Low,Medium,True,47358,50097,Modified,48,False,8,26.02,2739,5.7836057265931835,Senior,Medium,False
1752,E1753,35,Male,High school,Manufacturing,Quality inspector,13,Low,Low,True,34369,32975,Unchanged,50,True,9,-13.53,-1394,-4.055980680264192,Senior,Low,False
1753,E1754,53,Female,Master,Finance,Auditor,28,High,Low,False,37450,48563,Unchanged,44,False,9,2.97,11113,29.67423230974633,Senior,Low,False
1754,E1755,38,Other,High school,Marketing,Digital marketer,16,High,High,True,85779,77276,Modified,36,False,7,38.33,-8503,-9.912682591310228,Senior,High,False
1755,E1756,44,Male,Phd,Marketing,Seo specialist,22,High,High,True,80877,98817,Replaced,54,False,9,-6.64,17940,22.181831670314182,Senior,High,True
1756,E1757,56,Male,Phd,It,Devops engineer,32,Medium,Low,False,78929,75005,Unchanged,53,False,8,-4.23,-3924,-4.971556715529147,Senior,Low,False
1757,E1758,44,Male,Master,Finance,Accountant,20,Low,Low,False,113576,109502,Unchanged,52,False,8,-9.7,-4074,-3.587025427907305,Senior,Low,False
1758,E1759,53,Male,High school,It,Software engineer,27,High,Low,True,72407,58382,Unchanged,50,True,9,39.42,-14025,-19.36967420277045,Senior,Low,False
1759,E1760,43,Female,Master,Finance,Accountant,19,Medium,Medium,False,33454,38752,Modified,36,True,8,-11.27,5298,15.83667125007473,Senior,Medium,False
1760,E1761,59,Male,Bachelor,It,Data analyst,37,Medium,High,True,69963,72092,Unchanged,43,False,9,-7.95,2129,3.043037033860755,Senior,High,False
1761,E1762,57,Other,Master,Education,Teacher,35,High,High,True,52787,62031,Replaced,48,False,9,29.64,9244,17.511887396518084,Senior,High,True
1762,E1763,45,Male,Phd,Manufacturing,Machine operator,22,Low,High,True,93308,95211,Unchanged,46,False,7,35.48,1903,2.0394821451536846,Senior,High,False
1763,E1764,50,Female,High school,Education,Administrator,25,Medium,Medium,False,42877,50090,Modified,54,False,6,33.29,7213,16.822538890314153,Senior,Medium,False
1764,E1765,42,Other,Bachelor,Finance,Accountant,19,Medium,Low,False,40534,39401,Unchanged,54,False,6,-3.19,-1133,-2.795184289732077,Senior,Low,False
1765,E1766,42,Male,High school,Finance,Auditor,17,Medium,Low,False,69823,71935,Unchanged,37,False,6,-12.13,2112,3.024791257894963,Senior,Low,False
1766,E1767,50,Male,Master,Retail,Cashier,27,Low,Medium,False,45954,46356,Modified,51,True,6,34.93,402,0.8747878313095705,Senior,Medium,False
1767,E1768,36,Other,Phd,Finance,Accountant,14,Medium,Low,False,84081,88238,Unchanged,36,True,5,7.46,4157,4.944042054685363,Senior,Low,False
1768,E1769,30,Female,Bachelor,Retail,Sales associate,8,High,High,False,47868,45256,Modified,49,False,4,-8.94,-2612,-5.456672516085903,Senior,High,False
1769,E1770,28,Male,Master,Retail,Sales associate,5,Low,Low,True,113749,120476,Unchanged,41,True,4,20.76,6727,5.91389814415951,Mid,Low,False
1770,E1771,38,Male,Bachelor,Finance,Accountant,13,High,Medium,False,37970,49720,Modified,43,True,7,32.48,11750,30.945483276270743,Senior,Medium,False
1771,E1772,39,Other,Bachelor,Education,Professor,13,Medium,High,True,104095,109924,Unchanged,54,True,7,20.8,5829,5.599692588500889,Senior,High,False
1772,E1773,42,Male,Bachelor,Manufacturing,Supervisor,18,High,Medium,True,94274,89268,Modified,45,False,5,22.99,-5006,-5.3100536733351715,Senior,Medium,False
1773,E1774,26,Other,Phd,Marketing,Seo specialist,1,High,Medium,False,86488,106703,Modified,49,True,7,18.67,20215,23.37318471926741,Junior,Medium,False
1774,E1775,42,Other,High school,Manufacturing,Quality inspector,17,Medium,Low,True,31942,36904,Unchanged,41,False,4,20.86,4962,15.534406111076326,Senior,Low,False
1775,E1776,51,Female,Phd,Manufacturing,Quality inspector,25,Low,Low,True,111981,119551,Unchanged,39,True,6,17.35,7570,6.760075369928827,Senior,Low,False
1776,E1777,54,Other,Master,Healthcare,Doctor,28,Low,High,True,84862,89261,Unchanged,47,True,8,23.51,4399,5.183710023331998,Senior,High,False
1777,E1778,50,Other,Master,Retail,Store manager,27,Low,Low,True,44568,46832,Unchanged,35,True,6,16.43,2264,5.079877939328666,Senior,Low,False
1778,E1779,41,Other,High school,Manufacturing,Quality inspector,16,Low,Low,False,82948,82914,Unchanged,37,True,8,31.63,-34,-0.040989535612673,Senior,Low,False
1779,E1780,40,Male,Bachelor,Manufacturing,Quality inspector,14,Medium,Low,True,33729,34596,Unchanged,41,True,6,-18.98,867,2.5704883038334967,Senior,Low,False
1780,E1781,50,Other,Phd,Retail,Store manager,25,High,High,True,95642,94772,Modified,43,True,6,-4.0,-870,-0.9096422073984234,Senior,High,False
1781,E1782,31,Other,Master,It,Data analyst,5,Low,Low,True,99786,109527,Unchanged,52,False,7,-18.81,9741,9.761890445553483,Mid,Low,False
1782,E1783,54,Other,Phd,Retail,Cashier,28,Low,Medium,True,68187,68898,Modified,36,True,9,36.11,711,1.0427207532227551,Senior,Medium,False
1783,E1784,51,Other,Master,Finance,Accountant,27,High,Medium,True,104486,88855,Modified,41,True,3,20.89,-15631,-14.959898933828455,Senior,Medium,False
1784,E1785,22,Female,Master,Healthcare,Doctor,0,Medium,High,False,77458,91889,Unchanged,46,True,8,35.28,14431,18.630741821374166,Junior,High,False
1785,E1786,51,Other,High school,Retail,Store manager,26,High,High,True,48394,51268,Modified,39,False,3,38.76,2874,5.93875273794272,Senior,High,False
1786,E1787,48,Female,Bachelor,Retail,Sales associate,23,Low,Medium,True,81993,85079,Modified,35,True,8,-17.09,3086,3.763735928676838,Senior,Medium,False
1787,E1788,49,Male,Phd,Retail,Store manager,26,Medium,High,False,83817,84857,Unchanged,54,False,3,35.53,1040,1.2407984060512784,Senior,High,False
1788,E1789,34,Female,Master,Marketing,Seo specialist,12,High,High,True,86132,77382,Replaced,48,False,8,37.33,-8750,-10.158825988018389,Senior,High,True
1789,E1790,44,Other,Phd,Finance,Accountant,20,Low,Medium,True,56014,53273,Modified,46,False,8,-1.0,-2741,-4.893419502267291,Senior,Medium,False
1790,E1791,23,Male,Master,Healthcare,Nurse,0,Medium,High,True,76326,88708,Unchanged,40,False,9,1.54,12382,16.2225191939837,Junior,High,False
1791,E1792,36,Male,High school,Marketing,Digital marketer,12,Medium,High,True,71751,70587,Unchanged,36,False,7,2.08,-1164,-1.6222770414349625,Senior,High,False
1792,E1793,35,Female,Bachelor,Marketing,Digital marketer,13,High,High,False,93825,77680,Modified,47,True,4,-19.74,-16145,-17.207567279509725,Senior,High,False
1793,E1794,33,Female,Phd,Marketing,Content creator,10,Medium,Medium,True,73016,85706,Modified,42,False,5,-8.43,12690,17.379752383039335,Senior,Medium,False
1794,E1795,45,Female,Phd,Retail,Store manager,22,High,High,True,56567,52839,Replaced,47,True,8,22.34,-3728,-6.590414906217405,Senior,High,True
1795,E1796,35,Female,Master,It,Devops engineer,13,Low,High,False,113301,111030,Unchanged,35,False,3,-5.46,-2271,-2.0043953716207272,Senior,High,False
1796,E1797,36,Other,Bachelor,It,Data analyst,11,Low,Low,True,79979,82937,Unchanged,36,True,5,-14.66,2958,3.698470848597757,Senior,Low,False
1797,E1798,46,Male,High school,Education,Professor,23,Medium,Low,False,102717,105296,Unchanged,40,False,4,1.03,2579,2.5107820516564927,Senior,Low,False
1798,E1799,51,Male,Phd,Retail,Cashier,29,Medium,Low,True,39821,41280,Unchanged,51,True,4,29.77,1459,3.66389593430602,Senior,Low,False
1799,E1800,37,Male,Bachelor,Manufacturing,Supervisor,14,High,High,True,54647,60799,Modified,38,False,3,9.26,6152,11.257708565886508,Senior,High,False
1800,E1801,41,Male,Phd,Manufacturing,Machine operator,17,Medium,High,False,100605,115326,Unchanged,37,False,7,6.13,14721,14.63247353511257,Senior,High,False
1801,E1802,59,Male,Bachelor,Education,Teacher,36,High,Low,False,103511,89042,Unchanged,53,True,9,18.03,-14469,-13.978224536522688,Senior,Low,False
1802,E1803,56,Other,Master,Finance,Auditor,34,Low,High,False,50128,50105,Unchanged,48,True,6,6.88,-23,-0.0458825406958187,Senior,High,False
1803,E1804,59,Other,Master,Retail,Store manager,34,High,Low,False,49547,68491,Unchanged,49,True,6,13.3,18944,38.23440369749934,Senior,Low,False
1804,E1805,24,Other,Master,Marketing,Digital marketer,0,Low,Low,False,32606,34071,Unchanged,38,False,4,-16.82,1465,4.493038091148868,Junior,Low,False
1805,E1806,33,Female,Phd,Retail,Sales associate,10,Medium,High,True,62400,72167,Unchanged,43,False,5,19.49,9767,15.65224358974359,Senior,High,False
1806,E1807,42,Male,Phd,Manufacturing,Supervisor,18,Low,Low,False,114335,110855,Unchanged,46,True,9,38.54,-3480,-3.0436874098045217,Senior,Low,False
1807,E1808,26,Female,Master,Healthcare,Technician,4,High,Low,False,101540,120613,Unchanged,54,True,4,12.72,19073,18.78373054953713,Mid,Low,False
1808,E1809,31,Female,Phd,Finance,Auditor,7,Low,High,True,47175,47811,Unchanged,35,True,8,17.57,636,1.3481717011128775,Senior,High,False
1809,E1810,55,Other,Master,Healthcare,Doctor,31,High,Medium,True,59022,76178,Modified,45,False,4,14.07,17156,29.06712751177527,Senior,Medium,False
1810,E1811,41,Male,Bachelor,Education,Teacher,15,Medium,Medium,False,85916,79191,Modified,38,False,6,-2.28,-6725,-7.82741282182597,Senior,Medium,False
1811,E1812,23,Male,Bachelor,Education,Teacher,0,High,High,True,111049,99318,Modified,40,True,5,18.57,-11731,-10.563805167088402,Junior,High,False
1812,E1813,59,Female,High school,Finance,Investment analyst,35,High,High,False,84499,105407,Replaced,40,False,7,-7.68,20908,24.743488088616434,Senior,High,True
1813,E1814,25,Female,Phd,It,Devops engineer,0,Medium,Medium,True,118131,111731,Modified,48,True,5,-15.02,-6400,-5.417714232504593,Junior,Medium,False
1814,E1815,50,Other,Phd,Marketing,Seo specialist,27,Medium,Medium,True,33447,32983,Modified,45,False,6,10.04,-464,-1.3872694113074415,Senior,Medium,False
1815,E1816,37,Male,Bachelor,Marketing,Digital marketer,14,Medium,Low,False,72213,78497,Unchanged,42,True,8,0.62,6284,8.702034259759323,Senior,Low,False
1816,E1817,48,Male,High school,It,Devops engineer,24,Medium,Medium,False,40712,44910,Modified,52,True,6,8.56,4198,10.31145608174494,Senior,Medium,False
1817,E1818,44,Female,Master,Finance,Accountant,20,Low,Medium,False,66972,72469,Modified,44,False,4,-0.36,5497,8.207907782356806,Senior,Medium,False
1818,E1819,34,Female,Master,Manufacturing,Machine operator,8,Low,Medium,False,107413,102368,Modified,47,False,7,11.44,-5045,-4.696824406729167,Senior,Medium,False
1819,E1820,35,Other,Master,Education,Administrator,9,High,Medium,True,37240,30167,Modified,37,False,9,11.21,-7073,-18.993018259935553,Senior,Medium,False
1820,E1821,54,Male,High school,Healthcare,Doctor,30,Low,High,False,117329,119136,Unchanged,48,False,3,17.39,1807,1.5401136973808691,Senior,High,False
1821,E1822,40,Male,Bachelor,Finance,Auditor,16,Medium,Medium,False,68197,70285,Modified,53,False,5,-2.32,2088,3.061718257401352,Senior,Medium,False
1822,E1823,40,Male,Bachelor,Finance,Investment analyst,18,High,Medium,True,30434,28954,Modified,39,True,8,4.88,-1480,-4.862982190970625,Senior,Medium,False
1823,E1824,29,Other,Bachelor,It,Software engineer,6,Low,High,False,69115,72165,Unchanged,44,False,5,-0.69,3050,4.412934963466686,Mid,High,False
1824,E1825,41,Other,High school,Finance,Investment analyst,15,Low,Low,True,90669,90267,Unchanged,36,True,7,10.57,-402,-0.4433709426595639,Senior,Low,False
1825,E1826,43,Other,Bachelor,Marketing,Digital marketer,19,Medium,Low,False,75891,68901,Unchanged,49,True,6,24.35,-6990,-9.21057832944618,Senior,Low,False
1826,E1827,30,Male,Master,Finance,Accountant,4,Medium,Medium,True,47974,52381,Modified,51,False,9,-15.97,4407,9.18622587234752,Mid,Medium,False
1827,E1828,30,Female,Bachelor,Manufacturing,Machine operator,8,Medium,Medium,True,97136,96814,Modified,40,True,6,13.47,-322,-0.33149398781090433,Senior,Medium,False
1828,E1829,47,Other,High school,It,Devops engineer,22,Low,Low,True,73815,76757,Unchanged,38,True,5,39.53,2942,3.9856397751134596,Senior,Low,False
1829,E1830,42,Male,Phd,It,Devops engineer,19,High,Low,False,72082,82860,Unchanged,40,True,7,-15.74,10778,14.952415304791767,Senior,Low,False
1830,E1831,59,Male,Master,It,Software engineer,36,Medium,High,True,96332,103947,Unchanged,51,False,3,5.67,7615,7.90495370178134,Senior,High,False
1831,E1832,39,Female,High school,Manufacturing,Supervisor,17,Low,Medium,False,57044,61204,Modified,50,True,6,29.52,4160,7.292616226071102,Senior,Medium,False
1832,E1833,41,Female,High school,Manufacturing,Quality inspector,19,Low,Low,False,65200,65076,Unchanged,43,False,8,19.53,-124,-0.19018404907975459,Senior,Low,False
1833,E1834,40,Other,Master,Marketing,Seo specialist,14,High,Medium,False,93853,97714,Modified,41,False,6,14.54,3861,4.1138802169349935,Senior,Medium,False
1834,E1835,33,Female,Bachelor,Finance,Auditor,9,High,Medium,False,61661,81082,Modified,52,True,6,-1.41,19421,31.49640777801203,Senior,Medium,False
1835,E1836,56,Female,Bachelor,Education,Teacher,33,Medium,High,False,107605,113667,Unchanged,54,False,3,39.83,6062,5.63356721341945,Senior,High,False
1836,E1837,36,Other,Master,Manufacturing,Quality inspector,10,Medium,High,False,83013,89412,Unchanged,48,True,5,17.8,6399,7.708431209569586,Senior,High,False
1837,E1838,59,Female,Master,Finance,Investment analyst,36,High,High,False,105911,99018,Replaced,45,True,6,-3.71,-6893,-6.508294700267206,Senior,High,True
1838,E1839,27,Male,Bachelor,Healthcare,Nurse,2,Medium,Low,False,83790,85713,Unchanged,43,False,4,39.45,1923,2.2950232724668815,Junior,Low,False
1839,E1840,38,Female,Master,It,Devops engineer,13,Low,High,True,117084,119609,Unchanged,40,False,5,-10.34,2525,2.156571350483414,Senior,High,False
1840,E1841,51,Male,Bachelor,Marketing,Digital marketer,26,High,Medium,False,78328,103066,Modified,54,True,6,22.01,24738,31.582575834950465,Senior,Medium,False
1841,E1842,23,Male,Phd,Manufacturing,Supervisor,0,High,High,False,82771,94216,Modified,43,True,8,-7.36,11445,13.82730666537797,Junior,High,False
1842,E1843,22,Female,Phd,Retail,Store manager,0,Low,Low,False,68862,74956,Unchanged,48,False,8,5.04,6094,8.849583224419854,Junior,Low,False
1843,E1844,35,Male,Master,Manufacturing,Supervisor,9,High,High,False,108766,136079,Replaced,39,False,7,-11.6,27313,25.111707702774765,Senior,High,True
1844,E1845,49,Other,Master,Retail,Sales associate,24,High,High,True,77475,68233,Modified,38,True,8,-9.63,-9242,-11.929009357857373,Senior,High,False
1845,E1846,47,Male,High school,Finance,Investment analyst,22,Low,Medium,True,78398,79145,Modified,46,False,4,-1.8,747,0.9528304293476875,Senior,Medium,False
1846,E1847,36,Other,High school,It,Data analyst,10,Medium,Low,False,98623,99657,Unchanged,43,False,8,1.84,1034,1.0484369771757096,Senior,Low,False
1847,E1848,48,Male,High school,Education,Professor,26,High,Low,True,33491,32128,Unchanged,35,True,3,14.31,-1363,-4.069750082111613,Senior,Low,False
1848,E1849,37,Other,Phd,Finance,Accountant,14,Low,Medium,False,78155,77656,Modified,46,True,5,21.25,-499,-0.6384748256669439,Senior,Medium,False
1849,E1850,46,Other,High school,Finance,Auditor,23,Medium,High,False,77940,79322,Unchanged,44,False,9,1.74,1382,1.7731588401334362,Senior,High,False
1850,E1851,28,Male,Phd,Retail,Sales associate,3,High,Medium,False,72340,83915,Modified,49,False,4,-9.15,11575,16.00082941664363,Mid,Medium,False
1851,E1852,45,Other,Bachelor,Retail,Store manager,22,Medium,Low,True,96940,103672,Unchanged,44,False,3,8.23,6732,6.94450175366206,Senior,Low,False
1852,E1853,35,Other,Bachelor,Finance,Accountant,12,High,High,True,119711,138070,Modified,50,False,4,-11.65,18359,15.336101110173669,Senior,High,False
1853,E1854,30,Male,High school,Healthcare,Technician,8,Low,Medium,True,106759,104697,Modified,45,True,9,-9.11,-2062,-1.9314530859224983,Senior,Medium,False
1854,E1855,49,Male,Bachelor,Healthcare,Technician,25,High,Medium,True,79451,72532,Modified,43,True,5,-2.88,-6919,-8.708512164730463,Senior,Medium,False
1855,E1856,34,Other,Master,Marketing,Digital marketer,12,Low,High,True,66719,66363,Unchanged,51,False,7,7.35,-356,-0.5335811388060372,Senior,High,False
1856,E1857,39,Female,Phd,Retail,Store manager,14,Low,High,False,69925,66833,Unchanged,48,False,9,-12.3,-3092,-4.4218805863425095,Senior,High,False
1857,E1858,33,Female,Bachelor,Education,Administrator,8,Low,Medium,True,113766,120490,Modified,38,True,4,2.24,6724,5.910377441414834,Senior,Medium,False
1858,E1859,24,Male,Phd,Finance,Investment analyst,2,Low,Low,True,45376,49791,Unchanged,39,False,5,-14.23,4415,9.729813117066291,Junior,Low,False
1859,E1860,55,Other,High school,Manufacturing,Machine operator,31,High,Medium,True,96480,82620,Modified,41,False,5,19.56,-13860,-14.365671641791044,Senior,Medium,False
1860,E1861,59,Other,Bachelor,Finance,Accountant,36,Medium,Medium,False,103905,121502,Modified,48,True,8,-5.45,17597,16.93566238390838,Senior,Medium,False
1861,E1862,46,Other,Master,Manufacturing,Quality inspector,21,Medium,Medium,True,97310,98256,Modified,35,False,4,36.98,946,0.972150858082417,Senior,Medium,False
1862,E1863,41,Other,High school,It,Data analyst,18,High,High,True,37802,49549,Replaced,42,False,3,-10.07,11747,31.07507539283636,Senior,High,True
1863,E1864,54,Female,Master,Healthcare,Technician,29,High,Medium,False,49014,49920,Modified,45,False,4,31.14,906,1.8484514628473496,Senior,Medium,False
1864,E1865,46,Female,High school,Manufacturing,Quality inspector,24,Low,Medium,False,36066,36870,Modified,54,True,5,26.99,804,2.2292463816336716,Senior,Medium,False
1865,E1866,38,Other,Bachelor,Retail,Cashier,12,High,Medium,False,114954,145565,Modified,42,True,7,-6.26,30611,26.628912434539032,Senior,Medium,False
1866,E1867,40,Female,Phd,Finance,Auditor,15,High,High,True,70379,92945,Modified,44,False,4,7.06,22566,32.063541681467484,Senior,High,False
1867,E1868,31,Male,Bachelor,Marketing,Digital marketer,6,High,Low,True,116479,103951,Unchanged,48,True,5,18.79,-12528,-10.75558684398046,Mid,Low,False
1868,E1869,42,Other,Master,Healthcare,Doctor,20,Medium,High,False,90263,106542,Unchanged,47,False,3,38.61,16279,18.035075280015068,Senior,High,False
1869,E1870,40,Other,High school,Education,Administrator,15,Medium,High,False,81142,88748,Unchanged,40,False,4,-12.94,7606,9.373690567153877,Senior,High,False
1870,E1871,23,Male,Bachelor,Education,Teacher,0,High,Medium,False,37903,41067,Modified,39,False,9,21.9,3164,8.347624198612246,Junior,Medium,False
1871,E1872,33,Female,Master,Marketing,Seo specialist,9,Medium,High,True,53901,52876,Unchanged,50,False,6,20.08,-1025,-1.9016344780245265,Senior,High,False
1872,E1873,34,Other,High school,Healthcare,Doctor,9,High,High,True,89817,98466,Replaced,37,False,3,-1.27,8649,9.62958014629747,Senior,High,True
1873,E1874,32,Female,Master,Retail,Store manager,8,Low,Low,True,114437,110174,Unchanged,54,False,5,-6.8,-4263,-3.725193774740687,Senior,Low,False
1874,E1875,42,Other,Phd,Marketing,Content creator,19,Medium,High,True,102597,108006,Unchanged,39,False,5,6.0,5409,5.272083979063715,Senior,High,False
1875,E1876,22,Female,Phd,Retail,Sales associate,0,High,Medium,True,88473,88873,Modified,41,False,6,4.51,400,0.45211533462186204,Junior,Medium,False
1876,E1877,26,Other,Master,It,Data analyst,4,High,High,False,108229,109390,Modified,50,False,5,30.23,1161,1.0727254247937243,Mid,High,False
1877,E1878,31,Female,Bachelor,Education,Teacher,8,Low,Low,False,62286,61893,Unchanged,40,True,5,2.34,-393,-0.6309604084384934,Senior,Low,False
1878,E1879,23,Female,Bachelor,Healthcare,Technician,0,High,Low,True,105396,104631,Unchanged,37,True,8,1.38,-765,-0.7258339974951611,Junior,Low,False
1879,E1880,58,Male,Bachelor,It,Data analyst,34,High,High,True,116623,155556,Replaced,42,True,6,22.02,38933,33.38363787589069,Senior,High,True
1880,E1881,55,Male,High school,Retail,Sales associate,30,Low,Medium,False,78657,79537,Modified,43,False,4,-13.59,880,1.118781545189875,Senior,Medium,False
1881,E1882,59,Female,Phd,Retail,Store manager,37,High,High,False,46442,42287,Replaced,53,False,8,-13.61,-4155,-8.946643124757763,Senior,High,True
1882,E1883,42,Female,Phd,Education,Professor,18,Low,Medium,True,36641,37593,Modified,49,True,9,37.98,952,2.598182364018449,Senior,Medium,False
1883,E1884,35,Female,Phd,Education,Teacher,9,Medium,Medium,False,47223,54607,Modified,51,True,5,8.28,7384,15.636448340850857,Senior,Medium,False
1884,E1885,26,Male,Master,Retail,Sales associate,1,High,Medium,False,57215,65937,Modified,36,True,9,33.35,8722,15.244254129161932,Junior,Medium,False
1885,E1886,35,Male,Bachelor,Retail,Cashier,12,Low,Medium,True,109036,109716,Modified,42,True,7,17.55,680,0.6236472357753402,Senior,Medium,False
1886,E1887,50,Female,Master,Marketing,Seo specialist,26,High,Low,True,111008,139659,Unchanged,53,False,8,10.65,28651,25.809851542231186,Senior,Low,False
1887,E1888,55,Female,Bachelor,It,Data analyst,33,Low,Medium,True,116219,112293,Modified,52,False,5,10.39,-3926,-3.3781051291096977,Senior,Medium,False
1888,E1889,39,Female,Phd,Education,Teacher,13,High,Medium,True,62735,69953,Modified,52,False,9,2.12,7218,11.505539172710607,Senior,Medium,False
1889,E1890,38,Female,Bachelor,Education,Administrator,13,Low,Medium,True,86289,93755,Modified,53,True,7,-1.75,7466,8.65231953087879,Senior,Medium,False
1890,E1891,56,Other,High school,Marketing,Content creator,31,High,Medium,True,59164,60626,Modified,54,True,8,-15.15,1462,2.471097288891894,Senior,Medium,False
1891,E1892,37,Female,Master,It,Software engineer,12,High,High,False,78599,90844,Modified,38,False,3,25.36,12245,15.579078614231733,Senior,High,False
1892,E1893,23,Other,Bachelor,Marketing,Digital marketer,0,High,Medium,False,33577,44096,Modified,53,False,8,-14.49,10519,31.327992375733388,Junior,Medium,False
1893,E1894,45,Other,Master,Manufacturing,Supervisor,20,High,High,False,86680,72785,Modified,53,True,9,-7.04,-13895,-16.030226119058607,Senior,High,False
1894,E1895,40,Other,Master,Marketing,Digital marketer,18,Low,Medium,True,102489,109507,Modified,40,True,6,19.37,7018,6.847564128833339,Senior,Medium,False
1895,E1896,26,Female,Master,It,Data analyst,4,High,High,True,41094,43095,Modified,45,False,9,30.53,2001,4.869323988903489,Mid,High,False
1896,E1897,32,Other,Master,Education,Administrator,6,Medium,High,True,89021,101668,Unchanged,52,False,5,-2.36,12647,14.206760202648812,Mid,High,False
1897,E1898,39,Female,Master,Retail,Store manager,16,High,Medium,True,64555,75241,Modified,50,True,4,-3.51,10686,16.55332662071102,Senior,Medium,False
1898,E1899,51,Female,High school,Manufacturing,Supervisor,28,Medium,Low,True,42318,38408,Unchanged,51,False,4,25.01,-3910,-9.23956708729146,Senior,Low,False
1899,E1900,56,Other,High school,Finance,Investment analyst,33,Medium,Low,False,109968,118009,Unchanged,54,False,9,32.38,8041,7.312127164265967,Senior,Low,False
1900,E1901,24,Female,High school,Manufacturing,Machine operator,0,Medium,High,True,55727,57394,Unchanged,40,False,6,-8.48,1667,2.9913686363881062,Junior,High,False
1901,E1902,57,Male,Bachelor,Manufacturing,Supervisor,31,Medium,Low,False,33881,32960,Unchanged,52,False,5,-0.57,-921,-2.7183377114016705,Senior,Low,False
1902,E1903,23,Male,High school,Retail,Store manager,0,Low,Low,True,89402,85711,Unchanged,49,False,5,35.75,-3691,-4.1285429856155345,Junior,Low,False
1903,E1904,32,Other,Bachelor,Retail,Store manager,7,High,High,False,34507,38929,Replaced,45,True,5,-8.77,4422,12.814791201785145,Senior,High,True
1904,E1905,49,Male,Bachelor,Finance,Auditor,27,Low,Low,True,55530,54108,Unchanged,36,True,6,4.46,-1422,-2.560777957860616,Senior,Low,False
1905,E1906,23,Other,High school,Manufacturing,Supervisor,0,Medium,Medium,True,82044,86728,Modified,45,True,8,9.12,4684,5.709131685437082,Junior,Medium,False
1906,E1907,51,Male,Master,It,Software engineer,28,Low,Medium,True,52525,50627,Modified,51,False,8,23.3,-1898,-3.6135173726796763,Senior,Medium,False
1907,E1908,40,Other,High school,It,Software engineer,18,Medium,Medium,False,85715,96176,Modified,48,True,5,6.89,10461,12.20439829668086,Senior,Medium,False
1908,E1909,57,Female,Phd,Marketing,Content creator,32,Low,Medium,True,35539,37454,Modified,46,True,7,15.53,1915,5.38844649539942,Senior,Medium,False
1909,E1910,51,Female,Master,Education,Administrator,26,Low,Low,False,114766,109768,Unchanged,39,True,8,32.2,-4998,-4.354948329644668,Senior,Low,False
1910,E1911,26,Male,Bachelor,Healthcare,Nurse,2,High,Low,True,110730,134356,Unchanged,43,True,9,-9.5,23626,21.336584484782804,Junior,Low,False
1911,E1912,53,Male,High school,Manufacturing,Machine operator,29,Medium,High,False,107582,113537,Unchanged,53,True,3,33.44,5955,5.535312598761875,Senior,High,False
1912,E1913,49,Female,Phd,Retail,Sales associate,27,Medium,Low,True,92866,92349,Unchanged,49,True,4,-16.86,-517,-0.5567161286154244,Senior,Low,False
1913,E1914,44,Female,High school,It,Data analyst,20,High,Low,False,111981,135008,Unchanged,54,False,4,1.42,23027,20.563309847206224,Senior,Low,False
1914,E1915,50,Male,Master,Healthcare,Nurse,27,Low,Low,False,119976,118542,Unchanged,54,False,7,32.5,-1434,-1.1952390478095618,Senior,Low,False
1915,E1916,53,Female,Phd,Marketing,Digital marketer,30,High,Low,True,86878,116176,Unchanged,38,True,6,-16.97,29298,33.72315200626165,Senior,Low,False
1916,E1917,24,Other,Master,Retail,Store manager,0,Low,Medium,False,52580,54418,Modified,35,True,8,-11.04,1838,3.4956257131989346,Junior,Medium,False
1917,E1918,28,Male,Master,Manufacturing,Supervisor,4,Medium,High,True,37851,37164,Unchanged,47,True,4,-19.85,-687,-1.8150114924308471,Mid,High,False
1918,E1919,33,Male,Master,Healthcare,Doctor,7,Low,Low,True,92805,96941,Unchanged,46,False,5,11.79,4136,4.456656430149238,Senior,Low,False
1919,E1920,59,Other,Master,Finance,Auditor,35,High,Medium,True,69423,94039,Modified,36,False,9,22.74,24616,35.457989427135104,Senior,Medium,False
1920,E1921,58,Male,Bachelor,Healthcare,Nurse,36,High,Low,True,66725,69647,Unchanged,52,True,7,-9.99,2922,4.379168227800674,Senior,Low,False
1921,E1922,50,Male,Bachelor,Healthcare,Doctor,28,High,Low,False,82433,72482,Unchanged,38,True,3,15.73,-9951,-12.071621801948249,Senior,Low,False
1922,E1923,44,Female,High school,Education,Professor,18,Medium,Medium,False,48782,47585,Modified,49,True,7,-3.68,-1197,-2.4537739330080766,Senior,Medium,False
1923,E1924,36,Other,Phd,Retail,Store manager,13,High,High,False,50977,42284,Modified,40,True,4,0.08,-8693,-17.052788512466407,Senior,High,False
1924,E1925,48,Female,Master,Healthcare,Technician,26,Low,Low,True,96836,105235,Unchanged,36,False,8,2.1,8399,8.673427237804123,Senior,Low,False
1925,E1926,36,Female,High school,It,Data analyst,11,High,Medium,True,110291,124484,Modified,47,True,5,24.6,14193,12.868683754794136,Senior,Medium,False
1926,E1927,56,Other,Master,Marketing,Digital marketer,30,High,High,False,92670,95354,Modified,38,False,7,17.08,2684,2.896298694291572,Senior,High,False
1927,E1928,24,Other,High school,Manufacturing,Supervisor,1,Low,High,False,104258,106088,Unchanged,47,False,9,18.8,1830,1.7552609871664526,Junior,High,False
1928,E1929,33,Female,Bachelor,Marketing,Content creator,7,High,Low,True,76221,76174,Unchanged,53,True,6,8.23,-47,-0.0616627963422154,Senior,Low,False
1929,E1930,29,Female,Bachelor,Healthcare,Doctor,3,Medium,Low,False,109538,131095,Unchanged,54,False,8,-3.65,21557,19.67992842666472,Mid,Low,False
1930,E1931,52,Female,Master,Healthcare,Technician,28,Low,High,False,77310,78197,Unchanged,44,False,4,18.04,887,1.1473289354546632,Senior,High,False
1931,E1932,54,Other,Master,Manufacturing,Quality inspector,30,High,Low,True,88249,116174,Unchanged,46,True,3,37.18,27925,31.643418055728677,Senior,Low,False
1932,E1933,34,Male,Phd,Healthcare,Nurse,9,Medium,Low,False,34920,36967,Unchanged,39,True,6,25.23,2047,5.86197021764032,Senior,Low,False
1933,E1934,42,Male,Phd,It,Devops engineer,17,Medium,Medium,False,36450,39871,Modified,45,False,8,-17.91,3421,9.385459533607682,Senior,Medium,False
1934,E1935,27,Female,Bachelor,Manufacturing,Machine operator,5,Low,Low,True,39664,43048,Unchanged,35,True,8,10.5,3384,8.531665994352561,Mid,Low,False
1935,E1936,55,Male,High school,Healthcare,Technician,31,High,High,False,36402,49848,Modified,54,True,7,36.41,13446,36.93753090489534,Senior,High,False
1936,E1937,23,Female,Master,Education,Teacher,0,High,High,False,115470,138147,Modified,40,False,9,1.87,22677,19.638867238243698,Junior,High,False
1937,E1938,49,Male,Bachelor,Marketing,Content creator,27,Low,High,True,107853,114941,Unchanged,51,True,4,-18.79,7088,6.57190806004469,Senior,High,False
1938,E1939,43,Male,High school,Marketing,Content creator,21,High,High,True,49727,57966,Replaced,52,True,5,2.07,8239,16.56846381241579,Senior,High,True
1939,E1940,53,Male,Master,Finance,Accountant,27,High,Medium,True,103678,94116,Modified,51,False,6,19.76,-9562,-9.222785933370629,Senior,Medium,False
1940,E1941,44,Other,Phd,Marketing,Content creator,19,Medium,Medium,True,41202,46498,Modified,48,False,9,-0.25,5296,12.853744963836707,Senior,Medium,False
1941,E1942,38,Female,Master,Education,Administrator,12,Medium,High,False,110946,116021,Unchanged,49,True,3,-14.84,5075,4.574297405945234,Senior,High,False
1942,E1943,45,Female,Bachelor,Marketing,Seo specialist,20,High,High,True,98617,112128,Modified,45,False,8,15.59,13511,13.700477605281037,Senior,High,False
1943,E1944,37,Female,Master,It,Software engineer,11,Low,Medium,True,101880,97256,Modified,43,False,6,23.43,-4624,-4.5386729485669415,Senior,Medium,False
1944,E1945,47,Other,Master,Education,Professor,23,Medium,Low,True,66509,78192,Unchanged,46,True,9,21.14,11683,17.566043693334738,Senior,Low,False
1945,E1946,25,Female,High school,Finance,Investment analyst,0,Low,High,False,30903,29952,Unchanged,38,True,7,-4.09,-951,-3.0773711290166004,Junior,High,False
1946,E1947,32,Other,Phd,Healthcare,Nurse,6,High,Medium,True,117063,159754,Modified,47,True,7,-6.37,42691,36.468397358687206,Mid,Medium,False
1947,E1948,51,Female,Phd,Education,Administrator,29,High,Medium,True,79581,64050,Modified,50,False,8,6.25,-15531,-19.515964865985598,Senior,Medium,False
1948,E1949,33,Male,Master,Healthcare,Nurse,8,Medium,Medium,True,80513,88430,Modified,47,True,5,-17.36,7917,9.833194639375007,Senior,Medium,False
1949,E1950,38,Male,Master,Education,Professor,12,High,High,False,55511,75444,Modified,52,False,4,-2.84,19933,35.90819837509683,Senior,High,False
1950,E1951,47,Male,Master,Education,Administrator,22,Low,Low,False,92151,91291,Unchanged,42,True,5,-2.2,-860,-0.9332508600015191,Senior,Low,False
1951,E1952,59,Male,Phd,Education,Professor,33,Medium,Medium,True,114590,116671,Modified,35,True,9,-2.1,2081,1.8160397940483464,Senior,Medium,False
1952,E1953,50,Female,Phd,Finance,Investment analyst,26,Medium,High,True,81500,77915,Unchanged,45,False,8,10.61,-3585,-4.398773006134969,Senior,High,False
1953,E1954,39,Male,Bachelor,Marketing,Digital marketer,15,Low,Medium,True,33333,32821,Modified,53,False,6,32.46,-512,-1.5360153601536015,Senior,Medium,False
1954,E1955,48,Other,Bachelor,Manufacturing,Supervisor,22,Medium,Low,False,112172,111634,Unchanged,48,True,8,37.77,-538,-0.4796205826766038,Senior,Low,False
1955,E1956,59,Male,High school,Retail,Cashier,37,Low,Medium,True,42270,46389,Modified,41,False,9,14.78,4119,9.744499645138397,Senior,Medium,False
1956,E1957,51,Female,High school,Retail,Sales associate,25,High,Low,True,47408,48337,Unchanged,42,True,7,29.75,929,1.9595848801889977,Senior,Low,False
1957,E1958,51,Other,Master,Education,Teacher,27,Medium,Low,True,72864,77509,Unchanged,49,False,6,0.29,4645,6.374890206411946,Senior,Low,False
1958,E1959,48,Female,Master,Education,Professor,22,Medium,Low,True,45797,53328,Unchanged,47,True,4,11.97,7531,16.444308579164574,Senior,Low,False
1959,E1960,37,Male,Bachelor,Finance,Investment analyst,12,High,Low,False,102134,88678,Unchanged,47,True,7,-11.67,-13456,-13.17484872814146,Senior,Low,False
1960,E1961,56,Other,Bachelor,Education,Professor,31,Medium,Low,False,44306,50050,Unchanged,52,True,5,-15.85,5744,12.964384056335485,Senior,Low,False
1961,E1962,41,Other,Master,It,Software engineer,15,Low,Medium,True,119447,117457,Modified,54,True,4,-16.8,-1990,-1.6660108667442466,Senior,Medium,False
1962,E1963,36,Female,Bachelor,Retail,Sales associate,11,Medium,Low,True,60932,63523,Unchanged,52,True,9,-6.56,2591,4.252281231536795,Senior,Low,False
1963,E1964,34,Male,Bachelor,Retail,Cashier,12,High,Low,True,111032,97608,Unchanged,35,False,4,19.86,-13424,-12.09020822825852,Senior,Low,False
1964,E1965,25,Female,Phd,Healthcare,Nurse,0,High,High,False,51695,50114,Replaced,51,False,6,-2.26,-1581,-3.0583228552084343,Junior,High,True
1965,E1966,42,Male,Phd,Education,Administrator,16,High,High,False,80281,71091,Modified,37,False,3,30.3,-9190,-11.447291388996153,Senior,High,False
1966,E1967,36,Other,Phd,Marketing,Seo specialist,10,Medium,Medium,True,62602,74128,Modified,52,False,9,16.17,11526,18.4115523465704,Senior,Medium,False
1967,E1968,58,Male,Phd,Manufacturing,Quality inspector,36,Low,Medium,False,92497,96691,Modified,51,True,8,-11.1,4194,4.5342011092251635,Senior,Medium,False
1968,E1969,35,Other,High school,Finance,Investment analyst,11,Low,Medium,True,69023,74750,Modified,51,False,6,23.79,5727,8.29723425524825,Senior,Medium,False
1969,E1970,47,Female,High school,Education,Administrator,24,Medium,Medium,True,74858,80629,Modified,50,False,4,24.58,5771,7.709262871035828,Senior,Medium,False
1970,E1971,31,Male,Phd,Finance,Auditor,6,Low,Medium,True,68805,72785,Modified,53,False,3,28.05,3980,5.784463338420173,Mid,Medium,False
1971,E1972,48,Other,Bachelor,Education,Teacher,24,High,Low,True,45115,40014,Unchanged,39,False,3,-9.36,-5101,-11.30666075584617,Senior,Low,False
1972,E1973,25,Female,Master,Retail,Cashier,1,Medium,High,True,73098,83315,Unchanged,49,False,5,-12.0,10217,13.977126597170923,Junior,High,False
1973,E1974,52,Female,Phd,Finance,Accountant,29,Low,High,True,81843,87061,Unchanged,49,True,5,2.31,5218,6.375621616998399,Senior,High,False
1974,E1975,59,Female,Master,It,Software engineer,37,Low,Medium,True,68349,74992,Modified,42,False,4,0.97,6643,9.719235102196082,Senior,Medium,False
1975,E1976,37,Male,Phd,Finance,Auditor,14,Low,Medium,True,44633,45308,Modified,54,False,3,-11.89,675,1.5123339233302713,Senior,Medium,False
1976,E1977,35,Male,High school,Retail,Cashier,11,High,Low,False,107084,131157,Unchanged,36,True,4,32.11,24073,22.480482611781405,Senior,Low,False
1977,E1978,38,Other,High school,Education,Teacher,15,Medium,Low,False,30594,34186,Unchanged,38,False,3,0.99,3592,11.740864221742825,Senior,Low,False
1978,E1979,57,Male,Master,Manufacturing,Quality inspector,34,Medium,Medium,False,63682,69042,Modified,47,False,7,-1.3,5360,8.41682107973996,Senior,Medium,False
1979,E1980,43,Male,Bachelor,Healthcare,Nurse,18,Medium,Low,False,84486,95392,Unchanged,54,False,7,21.28,10906,12.908647586582392,Senior,Low,False
1980,E1981,29,Other,High school,Retail,Sales associate,6,Low,High,False,108533,103974,Unchanged,39,True,9,30.85,-4559,-4.200565726553214,Mid,High,False
1981,E1982,30,Female,Bachelor,Marketing,Content creator,8,Medium,Medium,False,119043,117743,Modified,40,True,8,27.49,-1300,-1.0920423712440044,Senior,Medium,False
1982,E1983,22,Female,Phd,Healthcare,Technician,0,Medium,Medium,True,56732,56256,Modified,45,False,5,35.53,-476,-0.8390326447155044,Junior,Medium,False
1983,E1984,33,Other,Master,Healthcare,Technician,7,Medium,Medium,False,106034,117827,Modified,48,True,5,-4.39,11793,11.121904294848822,Senior,Medium,False
1984,E1985,27,Female,Bachelor,Manufacturing,Quality inspector,4,Medium,Medium,True,51159,47581,Modified,38,True,7,20.42,-3578,-6.993881819425712,Mid,Medium,False
1985,E1986,58,Female,Phd,Healthcare,Doctor,33,Medium,Low,False,86955,94625,Unchanged,52,True,3,38.77,7670,8.820654361451325,Senior,Low,False
1986,E1987,46,Other,Bachelor,Marketing,Digital marketer,24,Low,Medium,True,39461,42737,Modified,50,True,6,5.57,3276,8.301867666810269,Senior,Medium,False
1987,E1988,58,Male,Bachelor,Marketing,Seo specialist,34,High,Medium,True,78469,88434,Modified,37,False,3,-6.57,9965,12.699282519211408,Senior,Medium,False
1988,E1989,45,Other,High school,Education,Administrator,21,Low,Low,False,37532,38005,Unchanged,49,True,7,25.48,473,1.2602579132473624,Senior,Low,False
1989,E1990,50,Male,Phd,Finance,Investment analyst,27,High,High,True,115078,93786,Replaced,42,True,8,3.97,-21292,-18.502233267870487,Senior,High,True
1990,E1991,25,Female,High school,Finance,Investment analyst,0,Medium,Medium,False,119627,118687,Modified,35,False,6,34.31,-940,-0.7857757864027352,Junior,Medium,False
1991,E1992,49,Male,Bachelor,Healthcare,Doctor,27,Medium,Medium,False,47032,46269,Modified,47,False,9,35.88,-763,-1.622299710835176,Senior,Medium,False
1992,E1993,31,Male,Bachelor,Marketing,Content creator,7,High,Low,False,36259,33695,Unchanged,49,True,6,39.91,-2564,-7.071347803304007,Senior,Low,False
1993,E1994,34,Other,Bachelor,Education,Professor,11,Medium,Medium,False,95907,98030,Modified,40,False,7,39.28,2123,2.21360276100806,Senior,Medium,False
1994,E1995,38,Male,Master,Retail,Store manager,13,High,Low,True,118078,133969,Unchanged,38,True,5,14.61,15891,13.458053151306762,Senior,Low,False
1995,E1996,55,Other,Phd,Healthcare,Technician,30,Medium,Low,True,99082,101090,Unchanged,52,True,7,25.67,2008,2.0266042268020428,Senior,Low,False
1996,E1997,31,Male,Phd,Finance,Investment analyst,9,High,Medium,True,32379,44653,Modified,52,True,8,9.38,12274,37.907285586336826,Senior,Medium,False
1997,E1998,43,Female,Bachelor,Retail,Cashier,17,High,High,False,53424,74715,Modified,49,True,6,-0.57,21291,39.85287511230907,Senior,High,False
1998,E1999,43,Female,Bachelor,Marketing,Digital marketer,20,Medium,Low,False,57821,68499,Unchanged,41,False,9,9.31,10678,18.467338856124936,Senior,Low,False
1999,E2000,23,Other,Master,Marketing,Seo specialist,0,High,High,True,33830,34809,Modified,37,True,9,24.4,979,2.8938811705586756,Junior,High,False
